customer_id,segment,price,units_sold,discount_percent,churned,month
CUST_0001,SMB,77.76,15,0.02,0,2025-06
CUST_0002,SMB,120.21,7,0.01,1,2025-12
CUST_0003,SMB,104.84,7,0.0,0,2025-10
CUST_0004,SMB,88.75,11,0.01,0,2025-04
CUST_0005,Mid,512.22,18,0.02,0,2025-04
CUST_0006,SMB,118.95,9,0.05,0,2025-03
CUST_0007,Enterprise,2411.27,47,0.04,0,2025-06
CUST_0008,SMB,60.81,23,0.0,0,2025-04
CUST_0009,Mid,399.09,26,0.0,0,2025-12
CUST_0010,Mid,446.19,20,0.0,0,2025-09
CUST_0011,Enterprise,1661.54,64,0.13,0,2025-05
CUST_0012,Enterprise,2465.64,49,0.13,0,2025-12
CUST_0013,SMB,96.45,11,0.0,0,2025-11
CUST_0014,Mid,410.18,25,0.07,0,2025-05
CUST_0015,Mid,496.42,17,0.13,0,2025-03
CUST_0016,SMB,116.44,8,0.0,0,2025-05
CUST_0017,SMB,129.56,6,0.0,0,2025-09
CUST_0018,SMB,89.96,11,0.0,0,2025-11
CUST_0019,SMB,93.45,10,0.0,0,2025-09
CUST_0020,Enterprise,2230.48,48,0.0,0,2025-03
CUST_0021,SMB,86.68,12,0.0,0,2025-01
CUST_0022,SMB,70.83,15,0.04,0,2025-05
CUST_0023,SMB,102.05,9,0.0,0,2025-01
CUST_0024,Mid,500.39,25,0.07,0,2025-06
CUST_0025,SMB,122.86,8,0.04,0,2025-04
CUST_0026,Enterprise,1545.31,59,0.16,0,2025-09
CUST_0027,SMB,134.13,6,0.04,0,2025-07
CUST_0028,SMB,92.69,12,0.0,0,2025-01
CUST_0029,Mid,416.24,31,0.08,0,2025-10
CUST_0030,Enterprise,2198.19,48,0.01,0,2025-12
CUST_0031,Mid,485.31,24,0.06,0,2025-04
CUST_0032,Enterprise,1467.58,70,0.13,0,2025-08
CUST_0033,Mid,585.4,20,0.14,0,2025-02
CUST_0034,SMB,96.71,12,0.09,0,2025-09
CUST_0035,SMB,99.9,9,0.0,0,2025-03
CUST_0036,Mid,388.75,26,0.01,0,2025-07
CUST_0037,SMB,106.32,9,0.0,0,2025-05
CUST_0038,Mid,497.03,26,0.04,0,2025-03
CUST_0039,Mid,498.84,22,0.06,0,2025-05
CUST_0040,Enterprise,1825.55,55,0.12,0,2025-01
CUST_0041,SMB,81.01,13,0.0,0,2025-10
CUST_0042,Enterprise,1125.47,84,0.13,0,2025-06
CUST_0043,SMB,82.9,14,0.0,0,2025-06
CUST_0044,SMB,91.01,11,0.05,0,2025-09
CUST_0045,Mid,381.67,27,0.07,0,2025-03
CUST_0046,SMB,86.26,12,0.0,0,2025-06
CUST_0047,SMB,103.0,10,0.01,0,2025-08
CUST_0048,Mid,311.97,30,0.08,0,2025-04
CUST_0049,SMB,84.69,11,0.02,0,2025-10
CUST_0050,SMB,60.19,24,0.0,0,2025-01
CUST_0051,SMB,93.61,11,0.0,0,2025-05
CUST_0052,Mid,724.48,13,0.0,0,2025-05
CUST_0053,SMB,86.4,12,0.0,0,2025-05
CUST_0054,SMB,87.92,10,0.0,0,2025-01
CUST_0055,SMB,91.6,11,0.01,0,2025-04
CUST_0056,Mid,575.59,20,0.07,0,2025-12
CUST_0057,SMB,87.7,15,0.11,0,2025-01
CUST_0058,Mid,507.1,18,0.02,0,2025-02
CUST_0059,SMB,69.13,16,0.06,0,2025-02
CUST_0060,SMB,131.4,7,0.1,0,2025-11
CUST_0061,Enterprise,2406.43,44,0.13,0,2025-03
CUST_0062,Enterprise,1719.91,47,0.01,0,2025-08
CUST_0063,Enterprise,1232.97,75,0.12,0,2025-01
CUST_0064,Mid,585.79,16,0.0,0,2025-03
CUST_0065,SMB,94.58,12,0.0,0,2025-03
CUST_0066,Mid,606.52,16,0.0,0,2025-09
CUST_0067,SMB,106.49,11,0.08,0,2025-06
CUST_0068,SMB,109.92,8,0.0,0,2025-10
CUST_0069,SMB,68.37,19,0.0,0,2025-01
CUST_0070,Enterprise,2118.74,49,0.06,0,2025-06
CUST_0071,Mid,420.83,19,0.0,0,2025-10
CUST_0072,Mid,457.78,25,0.08,0,2025-03
CUST_0073,Mid,489.12,23,0.07,0,2025-06
CUST_0074,Enterprise,1799.39,57,0.1,0,2025-06
CUST_0075,Enterprise,1915.96,51,0.11,0,2025-01
CUST_0076,Mid,521.72,21,0.16,0,2025-07
CUST_0077,SMB,97.78,9,0.05,0,2025-10
CUST_0078,SMB,115.68,7,0.0,0,2025-04
CUST_0079,Enterprise,2170.88,58,0.19,0,2025-03
CUST_0080,Enterprise,1711.55,65,0.03,0,2025-02
CUST_0081,Mid,469.03,21,0.0,0,2025-11
CUST_0082,Mid,652.71,16,0.07,0,2025-01
CUST_0083,SMB,68.11,17,0.0,0,2025-05
CUST_0084,Mid,504.7,18,0.0,0,2025-01
CUST_0085,Enterprise,1315.7,72,0.13,0,2025-08
CUST_0086,SMB,130.83,6,0.0,0,2025-02
CUST_0087,Enterprise,3030.37,43,0.19,0,2025-07
CUST_0088,Mid,597.16,20,0.12,0,2025-06
CUST_0089,Mid,505.41,22,0.06,0,2025-02
CUST_0090,SMB,141.05,6,0.08,0,2025-07
CUST_0091,Mid,596.86,20,0.08,0,2025-04
CUST_0092,SMB,97.12,10,0.0,0,2025-11
CUST_0093,Mid,548.51,22,0.0,0,2025-08
CUST_0094,SMB,77.96,16,0.0,0,2025-11
CUST_0095,Mid,455.33,20,0.03,0,2025-01
CUST_0096,Mid,444.1,24,0.09,0,2025-10
CUST_0097,Mid,430.03,24,0.06,0,2025-01
CUST_0098,Mid,477.9,22,0.05,0,2025-10
CUST_0099,Mid,678.07,16,0.06,0,2025-11
CUST_0100,Mid,421.55,22,0.04,0,2025-09
CUST_0101,Mid,525.99,16,0.0,0,2025-09
CUST_0102,Mid,520.67,23,0.05,0,2025-06
CUST_0103,Mid,455.95,24,0.13,0,2025-10
CUST_0104,Mid,433.16,20,0.05,0,2025-09
CUST_0105,SMB,86.99,11,0.0,0,2025-07
CUST_0106,Enterprise,1568.0,65,0.11,0,2025-06
CUST_0107,Enterprise,2897.58,46,0.1,0,2025-10
CUST_0108,SMB,116.64,8,0.0,0,2025-03
CUST_0109,SMB,104.32,11,0.09,0,2025-11
CUST_0110,Enterprise,2382.1,41,0.14,0,2025-08
CUST_0111,SMB,120.13,8,0.0,0,2025-11
CUST_0112,SMB,77.41,16,0.06,0,2025-05
CUST_0113,Enterprise,2084.86,54,0.1,0,2025-08
CUST_0114,Enterprise,2790.07,48,0.14,0,2025-05
CUST_0115,Enterprise,2144.89,58,0.2,0,2025-08
CUST_0116,SMB,93.48,11,0.03,0,2025-01
CUST_0117,Mid,341.97,30,0.05,0,2025-08
CUST_0118,SMB,116.46,9,0.0,0,2025-03
CUST_0119,SMB,106.77,9,0.0,0,2025-04
CUST_0120,Enterprise,3135.35,47,0.14,0,2025-01
CUST_0121,SMB,130.2,6,0.02,0,2025-04
CUST_0122,SMB,116.58,9,0.0,0,2025-04
CUST_0123,Mid,586.96,20,0.12,0,2025-05
CUST_0124,Enterprise,2938.4,44,0.09,0,2025-07
CUST_0125,SMB,103.61,11,0.13,0,2025-12
CUST_0126,SMB,100.94,11,0.0,1,2025-03
CUST_0127,Mid,401.04,26,0.04,0,2025-05
CUST_0128,SMB,121.88,7,0.0,0,2025-10
CUST_0129,SMB,117.04,7,0.0,0,2025-02
CUST_0130,Enterprise,2314.07,48,0.08,0,2025-06
CUST_0131,SMB,50.0,27,0.0,0,2025-06
CUST_0132,SMB,113.92,7,0.0,0,2025-09
CUST_0133,SMB,84.02,12,0.0,0,2025-07
CUST_0134,SMB,103.17,10,0.0,0,2025-01
CUST_0135,SMB,151.4,6,0.0,0,2025-02
CUST_0136,SMB,50.0,28,0.0,0,2025-07
CUST_0137,Enterprise,1296.24,56,0.06,0,2025-12
CUST_0138,Enterprise,2876.14,48,0.09,0,2025-03
CUST_0139,SMB,101.97,10,0.0,0,2025-02
CUST_0140,Enterprise,1473.37,61,0.1,0,2025-04
CUST_0141,Enterprise,1862.1,49,0.05,0,2025-01
CUST_0142,SMB,94.86,12,0.0,0,2025-05
CUST_0143,SMB,85.91,10,0.0,0,2025-06
CUST_0144,Mid,560.6,19,0.1,0,2025-10
CUST_0145,Mid,597.18,17,0.05,1,2025-09
CUST_0146,Mid,634.6,16,0.0,0,2025-11
CUST_0147,SMB,122.06,8,0.06,0,2025-09
CUST_0148,SMB,126.24,8,0.1,0,2025-07
CUST_0149,SMB,91.52,12,0.0,0,2025-09
CUST_0150,SMB,81.67,15,0.06,0,2025-10
CUST_0151,SMB,107.43,8,0.0,0,2025-11
CUST_0152,SMB,124.15,9,0.0,0,2025-06
CUST_0153,SMB,64.9,16,0.0,0,2025-01
CUST_0154,SMB,102.9,10,0.0,0,2025-05
CUST_0155,SMB,79.08,15,0.0,0,2025-03
CUST_0156,Enterprise,2800.62,49,0.13,0,2025-02
CUST_0157,SMB,119.71,7,0.0,1,2025-08
CUST_0158,Mid,694.59,17,0.11,0,2025-06
CUST_0159,Enterprise,2133.53,50,0.14,0,2025-10
CUST_0160,Mid,512.21,18,0.0,0,2025-07
CUST_0161,SMB,99.21,10,0.03,0,2025-10
CUST_0162,Mid,502.98,22,0.0,0,2025-02
CUST_0163,Enterprise,1000.0,88,0.16,0,2025-04
CUST_0164,Mid,309.55,30,0.1,0,2025-10
CUST_0165,Enterprise,1452.95,56,0.0,0,2025-11
CUST_0166,Enterprise,1406.83,60,0.16,0,2025-05
CUST_0167,SMB,67.89,17,0.03,0,2025-04
CUST_0168,Mid,479.92,20,0.03,0,2025-02
CUST_0169,SMB,61.33,18,0.0,0,2025-05
CUST_0170,SMB,113.65,8,0.05,0,2025-11
CUST_0171,Enterprise,1925.41,50,0.07,0,2025-10
CUST_0172,SMB,111.95,8,0.0,0,2025-08
CUST_0173,SMB,128.41,6,0.0,0,2025-06
CUST_0174,Mid,547.14,16,0.0,0,2025-09
CUST_0175,SMB,110.13,7,0.0,0,2025-06
CUST_0176,SMB,119.5,9,0.0,1,2025-12
CUST_0177,SMB,118.15,9,0.0,0,2025-01
CUST_0178,Enterprise,2410.24,54,0.13,0,2025-11
CUST_0179,SMB,76.62,13,0.0,0,2025-10
CUST_0180,SMB,111.89,8,0.0,0,2025-02
CUST_0181,Enterprise,2014.37,55,0.16,0,2025-02
CUST_0182,Mid,504.64,23,0.12,0,2025-07
CUST_0183,Mid,490.47,23,0.06,0,2025-04
CUST_0184,SMB,103.73,9,0.02,0,2025-06
CUST_0185,SMB,90.4,12,0.01,1,2025-11
CUST_0186,Enterprise,1737.1,55,0.16,0,2025-07
CUST_0187,SMB,71.04,17,0.0,0,2025-04
CUST_0188,Enterprise,1748.97,59,0.06,0,2025-03
CUST_0189,Enterprise,1888.79,51,0.04,0,2025-06
CUST_0190,Mid,563.33,16,0.0,0,2025-06
CUST_0191,SMB,74.97,17,0.07,0,2025-09
CUST_0192,Enterprise,2558.65,50,0.14,0,2025-04
CUST_0193,SMB,87.0,13,0.05,1,2025-07
CUST_0194,SMB,73.17,18,0.0,0,2025-09
CUST_0195,SMB,73.47,14,0.06,0,2025-01
CUST_0196,SMB,139.31,5,0.0,0,2025-06
CUST_0197,SMB,115.72,7,0.02,0,2025-09
CUST_0198,Mid,495.23,20,0.05,0,2025-01
CUST_0199,Mid,412.37,24,0.05,0,2025-06
CUST_0200,SMB,98.28,11,0.05,1,2025-12
CUST_0201,SMB,127.99,7,0.05,0,2025-08
CUST_0202,Enterprise,1676.53,63,0.16,0,2025-07
CUST_0203,Mid,715.59,15,0.11,1,2025-12
CUST_0204,Mid,649.86,14,0.02,0,2025-10
CUST_0205,SMB,133.43,6,0.0,1,2025-12
CUST_0206,Mid,604.28,17,0.0,0,2025-09
CUST_0207,SMB,96.49,10,0.0,0,2025-07
CUST_0208,SMB,71.76,18,0.02,0,2025-04
CUST_0209,Mid,587.38,24,0.09,0,2025-09
CUST_0210,SMB,106.95,10,0.0,0,2025-02
CUST_0211,Mid,411.18,22,0.0,0,2025-01
CUST_0212,SMB,54.3,26,0.02,0,2025-12
CUST_0213,SMB,50.0,28,0.02,0,2025-08
CUST_0214,Mid,426.4,24,0.02,0,2025-09
CUST_0215,Enterprise,2403.65,51,0.04,0,2025-07
CUST_0216,SMB,85.84,11,0.0,0,2025-09
CUST_0217,SMB,112.98,7,0.0,0,2025-09
CUST_0218,Mid,552.07,15,0.08,0,2025-08
CUST_0219,Enterprise,2515.14,46,0.11,0,2025-02
CUST_0220,SMB,96.07,11,0.0,0,2025-11
CUST_0221,SMB,88.22,12,0.0,0,2025-08
CUST_0222,Mid,545.25,21,0.15,0,2025-04
CUST_0223,Mid,561.28,16,0.0,0,2025-06
CUST_0224,SMB,138.28,6,0.0,0,2025-10
CUST_0225,Enterprise,1775.54,57,0.1,0,2025-03
CUST_0226,Enterprise,2224.61,55,0.13,0,2025-12
CUST_0227,SMB,67.73,18,0.05,0,2025-11
CUST_0228,Enterprise,2103.1,44,0.02,0,2025-06
CUST_0229,Enterprise,1817.9,54,0.14,0,2025-07
CUST_0230,SMB,118.96,6,0.0,0,2025-05
CUST_0231,SMB,144.24,4,0.06,1,2025-11
CUST_0232,Mid,676.83,19,0.1,0,2025-03
CUST_0233,Mid,336.93,23,0.06,0,2025-02
CUST_0234,Mid,446.69,25,0.12,0,2025-05
CUST_0235,Enterprise,2052.1,48,0.1,0,2025-05
CUST_0236,SMB,94.39,11,0.05,0,2025-10
CUST_0237,Mid,401.04,24,0.1,0,2025-12
CUST_0238,SMB,95.51,12,0.09,0,2025-10
CUST_0239,SMB,97.12,11,0.04,0,2025-07
CUST_0240,Mid,272.31,46,0.18,0,2025-10
CUST_0241,SMB,114.79,8,0.0,0,2025-04
CUST_0242,SMB,130.19,7,0.0,0,2025-02
CUST_0243,Mid,475.52,20,0.0,0,2025-01
CUST_0244,SMB,88.28,15,0.06,0,2025-10
CUST_0245,SMB,89.06,11,0.01,0,2025-02
CUST_0246,SMB,86.18,13,0.08,0,2025-07
CUST_0247,SMB,107.8,10,0.06,0,2025-04
CUST_0248,SMB,94.53,10,0.0,0,2025-04
CUST_0249,SMB,109.87,9,0.05,0,2025-08
CUST_0250,Mid,439.81,23,0.0,0,2025-06
CUST_0251,SMB,70.01,17,0.0,0,2025-06
CUST_0252,Mid,511.34,20,0.0,0,2025-09
CUST_0253,Enterprise,1989.99,48,0.12,0,2025-06
CUST_0254,Enterprise,1858.91,59,0.1,0,2025-05
CUST_0255,SMB,116.27,8,0.0,0,2025-04
CUST_0256,Mid,600.19,14,0.01,0,2025-11
CUST_0257,SMB,126.2,7,0.0,0,2025-06
CUST_0258,Enterprise,1951.86,53,0.11,0,2025-10
CUST_0259,Mid,588.64,19,0.0,0,2025-06
CUST_0260,SMB,121.67,7,0.03,0,2025-03
CUST_0261,SMB,79.27,15,0.07,0,2025-09
CUST_0262,SMB,103.41,8,0.05,0,2025-06
CUST_0263,Enterprise,2143.46,53,0.09,0,2025-05
CUST_0264,SMB,119.96,7,0.03,0,2025-04
CUST_0265,SMB,105.67,9,0.0,0,2025-03
CUST_0266,SMB,74.35,16,0.0,0,2025-11
CUST_0267,Mid,350.41,27,0.09,0,2025-12
CUST_0268,SMB,94.79,10,0.02,1,2025-04
CUST_0269,Mid,426.7,22,0.01,0,2025-06
CUST_0270,SMB,89.85,11,0.0,0,2025-12
CUST_0271,SMB,91.88,11,0.0,0,2025-05
CUST_0272,Mid,395.35,23,0.06,0,2025-05
CUST_0273,Enterprise,1402.78,54,0.13,0,2025-05
CUST_0274,Enterprise,1618.88,53,0.1,0,2025-04
CUST_0275,SMB,121.83,8,0.03,0,2025-10
CUST_0276,Enterprise,2160.53,46,0.16,0,2025-01
CUST_0277,Enterprise,3078.65,44,0.07,0,2025-01
CUST_0278,SMB,105.99,9,0.0,0,2025-01
CUST_0279,SMB,115.86,8,0.06,1,2025-04
CUST_0280,Mid,509.42,17,0.0,0,2025-03
CUST_0281,Mid,454.86,23,0.03,0,2025-10
CUST_0282,SMB,85.84,12,0.05,0,2025-02
CUST_0283,Mid,478.87,21,0.04,0,2025-10
CUST_0284,Mid,557.43,24,0.12,0,2025-12
CUST_0285,SMB,83.42,14,0.01,0,2025-02
CUST_0286,Enterprise,1000.0,71,0.08,0,2025-01
CUST_0287,Mid,586.05,17,0.02,0,2025-05
CUST_0288,Enterprise,2141.29,59,0.12,0,2025-11
CUST_0289,SMB,83.43,16,0.05,0,2025-05
CUST_0290,Mid,530.02,20,0.02,0,2025-08
CUST_0291,SMB,129.56,7,0.0,1,2025-07
CUST_0292,Mid,643.52,18,0.07,0,2025-08
CUST_0293,SMB,95.82,10,0.0,0,2025-07
CUST_0294,Mid,558.86,20,0.0,0,2025-04
CUST_0295,SMB,84.3,13,0.03,0,2025-03
CUST_0296,Enterprise,2209.77,33,0.11,0,2025-04
CUST_0297,Mid,522.47,18,0.1,0,2025-05
CUST_0298,SMB,64.78,18,0.0,0,2025-01
CUST_0299,Mid,721.43,14,0.04,0,2025-04
CUST_0300,SMB,86.24,14,0.13,0,2025-12
CUST_0301,Enterprise,1590.9,58,0.1,0,2025-06
CUST_0302,SMB,90.94,13,0.0,0,2025-07
CUST_0303,Mid,436.17,24,0.0,0,2025-01
CUST_0304,SMB,117.64,9,0.06,0,2025-06
CUST_0305,Enterprise,2425.05,50,0.14,0,2025-11
CUST_0306,SMB,100.97,10,0.0,0,2025-03
CUST_0307,Enterprise,1766.98,56,0.02,0,2025-05
CUST_0308,Mid,446.73,23,0.03,0,2025-03
CUST_0309,SMB,118.0,8,0.04,0,2025-04
CUST_0310,Mid,390.21,26,0.04,0,2025-03
CUST_0311,SMB,78.61,13,0.0,0,2025-04
CUST_0312,SMB,114.28,7,0.01,0,2025-07
CUST_0313,SMB,115.74,7,0.0,0,2025-05
CUST_0314,SMB,102.76,9,0.0,0,2025-10
CUST_0315,Enterprise,2223.0,46,0.06,0,2025-05
CUST_0316,Mid,393.6,24,0.01,0,2025-04
CUST_0317,SMB,105.28,9,0.0,0,2025-12
CUST_0318,Mid,503.51,20,0.06,0,2025-06
CUST_0319,SMB,95.27,12,0.06,0,2025-10
CUST_0320,SMB,82.32,13,0.09,0,2025-08
CUST_0321,Mid,469.75,16,0.01,0,2025-10
CUST_0322,SMB,99.27,11,0.01,0,2025-05
CUST_0323,Mid,450.25,22,0.02,0,2025-01
CUST_0324,SMB,112.78,7,0.0,0,2025-01
CUST_0325,SMB,89.63,10,0.06,0,2025-05
CUST_0326,Enterprise,1481.27,52,0.11,0,2025-12
CUST_0327,Mid,405.66,21,0.0,0,2025-02
CUST_0328,SMB,110.71,9,0.05,0,2025-03
CUST_0329,SMB,150.87,5,0.01,0,2025-11
CUST_0330,SMB,93.56,12,0.0,0,2025-07
CUST_0331,SMB,81.55,13,0.06,0,2025-03
CUST_0332,Mid,536.35,20,0.08,0,2025-05
CUST_0333,Enterprise,1370.63,63,0.05,0,2025-08
CUST_0334,SMB,114.64,8,0.0,0,2025-05
CUST_0335,SMB,104.87,10,0.0,0,2025-02
CUST_0336,Mid,483.11,26,0.11,0,2025-05
CUST_0337,Enterprise,1761.5,55,0.13,1,2025-07
CUST_0338,SMB,86.49,12,0.04,0,2025-05
CUST_0339,SMB,120.57,8,0.0,0,2025-02
CUST_0340,Mid,566.75,16,0.03,0,2025-04
CUST_0341,SMB,95.23,10,0.0,1,2025-08
CUST_0342,Mid,641.17,16,0.04,0,2025-03
CUST_0343,Enterprise,2270.43,55,0.14,0,2025-09
CUST_0344,SMB,141.14,7,0.02,1,2025-09
CUST_0345,SMB,62.3,17,0.0,0,2025-09
CUST_0346,SMB,115.58,10,0.05,0,2025-07
CUST_0347,Mid,449.52,20,0.09,0,2025-05
CUST_0348,Mid,450.41,22,0.0,0,2025-09
CUST_0349,Mid,565.33,17,0.18,0,2025-09
CUST_0350,SMB,86.24,12,0.0,0,2025-06
CUST_0351,Mid,398.56,24,0.09,0,2025-03
CUST_0352,Mid,503.02,22,0.06,0,2025-01
CUST_0353,SMB,118.14,8,0.0,0,2025-10
CUST_0354,Enterprise,2103.02,40,0.09,0,2025-03
CUST_0355,SMB,149.69,6,0.0,1,2025-08
CUST_0356,SMB,102.42,8,0.0,0,2025-01
CUST_0357,SMB,89.83,12,0.0,0,2025-01
CUST_0358,SMB,88.36,9,0.01,0,2025-11
CUST_0359,SMB,115.16,7,0.0,0,2025-08
CUST_0360,Enterprise,1438.24,73,0.14,0,2025-10
CUST_0361,Enterprise,1758.47,65,0.11,0,2025-01
CUST_0362,SMB,117.94,7,0.0,0,2025-04
CUST_0363,Enterprise,1162.78,63,0.06,0,2025-10
CUST_0364,SMB,130.12,6,0.0,0,2025-06
CUST_0365,SMB,93.97,12,0.0,0,2025-03
CUST_0366,Mid,576.18,16,0.0,0,2025-10
CUST_0367,Enterprise,1714.93,65,0.13,0,2025-05
CUST_0368,Mid,485.92,22,0.14,0,2025-05
CUST_0369,Enterprise,1295.15,60,0.12,0,2025-09
CUST_0370,SMB,56.88,20,0.04,0,2025-09
CUST_0371,SMB,111.54,7,0.0,0,2025-05
CUST_0372,Enterprise,2022.13,48,0.05,1,2025-12
CUST_0373,SMB,108.73,10,0.07,0,2025-06
CUST_0374,SMB,102.22,10,0.0,0,2025-08
CUST_0375,Enterprise,1442.63,61,0.1,0,2025-11
CUST_0376,SMB,96.85,10,0.0,0,2025-05
CUST_0377,Enterprise,2348.48,53,0.08,0,2025-11
CUST_0378,Enterprise,2184.82,41,0.02,0,2025-04
CUST_0379,Enterprise,3316.46,37,0.01,0,2025-03
CUST_0380,SMB,86.47,11,0.0,1,2025-12
CUST_0381,SMB,103.42,10,0.06,0,2025-02
CUST_0382,SMB,76.34,16,0.01,0,2025-10
CUST_0383,SMB,86.12,13,0.02,0,2025-11
CUST_0384,Enterprise,2380.39,57,0.11,0,2025-05
CUST_0385,Mid,432.15,23,0.05,0,2025-06
CUST_0386,SMB,139.36,6,0.02,0,2025-06
CUST_0387,Mid,355.19,30,0.01,0,2025-11
CUST_0388,Enterprise,1637.37,55,0.17,0,2025-11
CUST_0389,SMB,110.42,9,0.03,0,2025-09
CUST_0390,SMB,101.79,8,0.0,0,2025-03
CUST_0391,SMB,146.66,6,0.01,0,2025-06
CUST_0392,Mid,475.86,27,0.12,0,2025-09
CUST_0393,SMB,119.06,8,0.03,0,2025-05
CUST_0394,SMB,110.32,8,0.01,0,2025-08
CUST_0395,SMB,80.8,15,0.05,0,2025-02
CUST_0396,SMB,62.88,20,0.0,0,2025-12
CUST_0397,Mid,339.24,27,0.01,0,2025-08
CUST_0398,SMB,81.2,14,0.0,0,2025-01
CUST_0399,Mid,459.35,20,0.0,0,2025-10
CUST_0400,Mid,558.36,18,0.02,0,2025-02
CUST_0401,Mid,547.64,21,0.08,0,2025-07
CUST_0402,Mid,775.97,12,0.0,0,2025-08
CUST_0403,Mid,437.38,26,0.05,0,2025-02
CUST_0404,SMB,79.34,14,0.02,0,2025-12
CUST_0405,SMB,73.08,15,0.0,0,2025-03
CUST_0406,SMB,117.49,8,0.0,0,2025-05
CUST_0407,SMB,101.57,8,0.0,0,2025-11
CUST_0408,Mid,541.05,19,0.05,0,2025-05
CUST_0409,SMB,99.93,10,0.0,0,2025-02
CUST_0410,Mid,469.13,22,0.04,0,2025-04
CUST_0411,Enterprise,2311.1,52,0.04,0,2025-07
CUST_0412,Mid,492.42,19,0.01,0,2025-02
CUST_0413,Mid,465.66,23,0.15,0,2025-09
CUST_0414,Enterprise,2077.16,59,0.11,0,2025-10
CUST_0415,SMB,69.49,16,0.0,0,2025-01
CUST_0416,Enterprise,1000.0,69,0.15,0,2025-10
CUST_0417,Mid,381.92,31,0.11,0,2025-10
CUST_0418,Enterprise,2359.09,48,0.06,0,2025-09
CUST_0419,SMB,119.62,5,0.0,0,2025-11
CUST_0420,Mid,525.56,21,0.1,0,2025-11
CUST_0421,Enterprise,1223.81,65,0.14,0,2025-09
CUST_0422,Enterprise,1801.24,67,0.07,0,2025-12
CUST_0423,SMB,110.74,8,0.0,0,2025-12
CUST_0424,Mid,435.0,20,0.0,0,2025-08
CUST_0425,Mid,658.05,13,0.0,0,2025-08
CUST_0426,Mid,374.24,27,0.01,0,2025-10
CUST_0427,SMB,78.22,14,0.0,0,2025-10
CUST_0428,Mid,558.46,17,0.04,0,2025-02
CUST_0429,Mid,482.98,22,0.0,0,2025-11
CUST_0430,Mid,518.18,20,0.0,0,2025-09
CUST_0431,SMB,68.04,22,0.02,0,2025-06
CUST_0432,SMB,72.74,18,0.0,0,2025-11
CUST_0433,Mid,491.51,18,0.0,0,2025-07
CUST_0434,Mid,583.09,20,0.07,0,2025-04
CUST_0435,SMB,74.99,17,0.03,0,2025-11
CUST_0436,SMB,90.96,9,0.0,0,2025-10
CUST_0437,Enterprise,1996.4,38,0.13,0,2025-04
CUST_0438,Mid,700.04,15,0.0,0,2025-04
CUST_0439,SMB,63.19,20,0.08,0,2025-06
CUST_0440,Enterprise,2373.04,55,0.02,0,2025-03
CUST_0441,SMB,96.36,11,0.01,0,2025-05
CUST_0442,SMB,96.96,12,0.0,0,2025-04
CUST_0443,SMB,82.8,12,0.0,0,2025-11
CUST_0444,SMB,101.73,10,0.0,0,2025-08
CUST_0445,Enterprise,1673.52,60,0.16,0,2025-05
CUST_0446,SMB,126.21,6,0.0,0,2025-09
CUST_0447,SMB,113.8,7,0.0,0,2025-03
CUST_0448,Enterprise,1488.4,57,0.16,0,2025-09
CUST_0449,Enterprise,1137.1,76,0.07,0,2025-09
CUST_0450,SMB,80.38,12,0.07,0,2025-11
CUST_0451,SMB,102.67,10,0.0,0,2025-01
CUST_0452,Mid,360.47,27,0.1,0,2025-06
CUST_0453,Mid,415.26,25,0.08,0,2025-07
CUST_0454,SMB,108.97,9,0.01,0,2025-09
CUST_0455,SMB,89.28,10,0.03,0,2025-03
CUST_0456,SMB,75.56,17,0.04,0,2025-01
CUST_0457,SMB,125.83,7,0.0,1,2025-11
CUST_0458,Enterprise,1889.87,56,0.1,0,2025-11
CUST_0459,Mid,530.64,16,0.14,0,2025-06
CUST_0460,SMB,126.99,7,0.01,0,2025-12
CUST_0461,SMB,107.53,8,0.04,0,2025-03
CUST_0462,Enterprise,2386.05,48,0.1,0,2025-08
CUST_0463,SMB,64.48,17,0.02,0,2025-01
CUST_0464,SMB,72.95,17,0.01,0,2025-01
CUST_0465,SMB,136.27,6,0.0,0,2025-04
CUST_0466,Enterprise,1918.34,59,0.14,0,2025-07
CUST_0467,SMB,91.73,10,0.01,0,2025-09
CUST_0468,SMB,80.86,14,0.02,0,2025-10
CUST_0469,SMB,130.27,6,0.0,0,2025-12
CUST_0470,SMB,134.03,8,0.02,0,2025-02
CUST_0471,SMB,104.15,8,0.0,1,2025-06
CUST_0472,SMB,103.54,10,0.09,0,2025-03
CUST_0473,Mid,618.99,15,0.1,0,2025-12
CUST_0474,SMB,118.52,8,0.11,0,2025-03
CUST_0475,Enterprise,2195.35,53,0.03,0,2025-01
CUST_0476,SMB,123.39,7,0.0,0,2025-10
CUST_0477,SMB,92.29,10,0.02,0,2025-09
CUST_0478,SMB,97.18,8,0.0,0,2025-10
CUST_0479,Enterprise,2131.93,54,0.02,0,2025-07
CUST_0480,SMB,120.72,8,0.02,1,2025-01
CUST_0481,SMB,81.68,13,0.0,0,2025-10
CUST_0482,Mid,428.42,26,0.0,0,2025-02
CUST_0483,Enterprise,1299.79,75,0.11,0,2025-08
CUST_0484,SMB,113.63,8,0.03,0,2025-09
CUST_0485,SMB,91.59,13,0.07,0,2025-08
CUST_0486,SMB,117.89,8,0.03,1,2025-02
CUST_0487,Mid,546.56,21,0.12,0,2025-11
CUST_0488,SMB,73.72,18,0.0,0,2025-01
CUST_0489,Enterprise,2021.24,55,0.05,0,2025-03
CUST_0490,SMB,119.16,6,0.0,0,2025-08
CUST_0491,Mid,585.75,16,0.01,0,2025-05
CUST_0492,SMB,111.39,6,0.0,0,2025-01
CUST_0493,SMB,90.51,14,0.05,0,2025-12
CUST_0494,Enterprise,2053.09,59,0.08,0,2025-05
CUST_0495,SMB,84.66,10,0.07,0,2025-05
CUST_0496,Mid,458.33,27,0.06,0,2025-01
CUST_0497,SMB,131.44,7,0.0,1,2025-10
CUST_0498,Mid,683.39,13,0.0,0,2025-12
CUST_0499,Mid,496.1,22,0.06,0,2025-08
CUST_0500,Mid,536.66,17,0.05,0,2025-06
CUST_0501,Mid,495.78,23,0.15,0,2025-01
CUST_0502,SMB,114.49,8,0.04,0,2025-01
CUST_0503,Enterprise,2268.66,53,0.17,0,2025-05
CUST_0504,SMB,117.28,8,0.03,0,2025-09
CUST_0505,Mid,537.21,19,0.07,0,2025-09
CUST_0506,Mid,622.36,18,0.12,0,2025-03
CUST_0507,SMB,135.15,5,0.0,0,2025-12
CUST_0508,Mid,491.28,22,0.05,0,2025-06
CUST_0509,SMB,78.44,12,0.0,1,2025-04
CUST_0510,SMB,70.58,20,0.04,0,2025-11
CUST_0511,SMB,106.31,10,0.02,1,2025-08
CUST_0512,Mid,361.11,32,0.12,0,2025-07
CUST_0513,Mid,566.86,20,0.0,0,2025-06
CUST_0514,Mid,389.89,28,0.06,0,2025-10
CUST_0515,Enterprise,2932.31,44,0.16,0,2025-06
CUST_0516,SMB,75.66,15,0.0,0,2025-02
CUST_0517,SMB,100.31,9,0.05,0,2025-02
CUST_0518,Enterprise,2759.64,36,0.18,0,2025-03
CUST_0519,Enterprise,1289.0,62,0.16,0,2025-11
CUST_0520,Mid,439.04,22,0.09,0,2025-04
CUST_0521,SMB,114.79,8,0.04,0,2025-06
CUST_0522,SMB,89.85,12,0.0,0,2025-08
CUST_0523,Enterprise,1822.25,57,0.17,0,2025-07
CUST_0524,Enterprise,1284.39,68,0.12,0,2025-06
CUST_0525,Mid,560.25,19,0.1,0,2025-01
CUST_0526,Enterprise,1904.74,53,0.09,0,2025-05
CUST_0527,SMB,126.7,8,0.03,0,2025-05
CUST_0528,SMB,140.4,5,0.0,0,2025-03
CUST_0529,SMB,83.63,15,0.08,0,2025-02
CUST_0530,SMB,72.01,16,0.0,0,2025-12
CUST_0531,SMB,97.58,11,0.06,0,2025-02
CUST_0532,SMB,114.31,8,0.01,1,2025-11
CUST_0533,Mid,368.83,31,0.09,0,2025-08
CUST_0534,Mid,397.8,27,0.15,0,2025-02
CUST_0535,SMB,110.46,10,0.07,0,2025-06
CUST_0536,Mid,549.98,17,0.0,0,2025-05
CUST_0537,Enterprise,1676.34,55,0.11,0,2025-04
CUST_0538,SMB,104.98,9,0.0,0,2025-04
CUST_0539,SMB,116.68,9,0.08,0,2025-11
CUST_0540,Mid,500.15,20,0.09,0,2025-04
CUST_0541,SMB,117.33,9,0.08,0,2025-04
CUST_0542,SMB,103.14,8,0.0,0,2025-10
CUST_0543,Enterprise,1897.07,52,0.06,0,2025-10
CUST_0544,SMB,69.03,14,0.06,0,2025-09
CUST_0545,Enterprise,1148.89,64,0.08,0,2025-08
CUST_0546,SMB,121.04,6,0.0,0,2025-04
CUST_0547,SMB,92.41,12,0.02,0,2025-07
CUST_0548,SMB,92.4,12,0.03,0,2025-05
CUST_0549,SMB,85.89,13,0.05,0,2025-10
CUST_0550,Enterprise,1949.48,49,0.09,0,2025-09
CUST_0551,Mid,612.95,17,0.08,0,2025-07
CUST_0552,Mid,580.59,17,0.05,0,2025-09
CUST_0553,SMB,124.94,7,0.0,0,2025-07
CUST_0554,Mid,463.35,17,0.07,0,2025-01
CUST_0555,Enterprise,2864.56,48,0.1,0,2025-12
CUST_0556,Mid,503.83,20,0.12,0,2025-06
CUST_0557,Enterprise,2116.3,37,0.09,0,2025-06
CUST_0558,Enterprise,1872.81,54,0.04,0,2025-03
CUST_0559,Enterprise,1847.6,58,0.14,0,2025-04
CUST_0560,Mid,662.83,14,0.02,0,2025-07
CUST_0561,Mid,567.01,18,0.12,0,2025-01
CUST_0562,SMB,102.61,9,0.0,1,2025-10
CUST_0563,SMB,114.03,8,0.01,1,2025-12
CUST_0564,Mid,636.51,14,0.05,0,2025-01
CUST_0565,Mid,482.67,22,0.08,0,2025-05
CUST_0566,SMB,137.05,6,0.0,0,2025-04
CUST_0567,Mid,434.92,24,0.05,0,2025-06
CUST_0568,Enterprise,1743.93,61,0.13,0,2025-12
CUST_0569,Mid,524.92,17,0.01,0,2025-08
CUST_0570,SMB,89.07,11,0.0,0,2025-01
CUST_0571,SMB,113.71,9,0.09,1,2025-05
CUST_0572,Mid,566.87,17,0.01,0,2025-03
CUST_0573,SMB,110.11,9,0.01,0,2025-06
CUST_0574,SMB,70.76,21,0.07,0,2025-06
CUST_0575,SMB,117.52,8,0.07,0,2025-01
CUST_0576,SMB,95.41,10,0.0,0,2025-08
CUST_0577,SMB,78.09,14,0.01,0,2025-10
CUST_0578,SMB,109.7,9,0.0,0,2025-08
CUST_0579,Enterprise,1525.54,69,0.19,0,2025-07
CUST_0580,SMB,95.27,10,0.0,0,2025-02
CUST_0581,SMB,83.28,13,0.0,0,2025-10
CUST_0582,SMB,134.25,7,0.0,0,2025-09
CUST_0583,SMB,91.78,10,0.0,0,2025-08
CUST_0584,Mid,518.85,21,0.04,0,2025-01
CUST_0585,SMB,116.28,7,0.0,0,2025-05
CUST_0586,SMB,95.03,12,0.08,1,2025-11
CUST_0587,Mid,325.57,33,0.08,0,2025-07
CUST_0588,SMB,109.01,8,0.0,0,2025-05
CUST_0589,Mid,548.6,20,0.0,0,2025-06
CUST_0590,Enterprise,1764.44,57,0.08,0,2025-06
CUST_0591,SMB,98.63,11,0.0,0,2025-08
CUST_0592,Enterprise,1967.67,58,0.08,0,2025-05
CUST_0593,SMB,97.16,11,0.0,0,2025-06
CUST_0594,SMB,102.98,9,0.01,0,2025-07
CUST_0595,SMB,105.33,9,0.0,1,2025-03
CUST_0596,SMB,109.75,9,0.02,1,2025-08
CUST_0597,Mid,362.83,27,0.01,0,2025-10
CUST_0598,Mid,421.62,22,0.0,0,2025-08
CUST_0599,SMB,76.0,15,0.0,0,2025-08
CUST_0600,Enterprise,2509.08,40,0.06,0,2025-07
CUST_0601,Enterprise,2112.63,45,0.13,0,2025-02
CUST_0602,SMB,134.05,7,0.0,0,2025-07
CUST_0603,Enterprise,2600.27,37,0.11,0,2025-10
CUST_0604,Enterprise,1441.41,48,0.22,0,2025-04
CUST_0605,SMB,103.06,10,0.05,0,2025-04
CUST_0606,SMB,116.61,7,0.02,0,2025-03
CUST_0607,Enterprise,2673.33,45,0.08,0,2025-01
CUST_0608,SMB,93.27,10,0.0,1,2025-05
CUST_0609,SMB,55.04,26,0.06,0,2025-09
CUST_0610,Mid,466.15,26,0.1,0,2025-09
CUST_0611,SMB,90.8,11,0.0,0,2025-06
CUST_0612,Enterprise,1968.72,49,0.08,0,2025-12
CUST_0613,SMB,96.83,10,0.0,0,2025-09
CUST_0614,Mid,567.19,18,0.05,0,2025-04
CUST_0615,Enterprise,1133.09,63,0.12,0,2025-07
CUST_0616,Mid,593.44,16,0.05,0,2025-01
CUST_0617,SMB,77.37,12,0.0,0,2025-10
CUST_0618,Mid,585.73,19,0.07,0,2025-04
CUST_0619,Mid,354.24,28,0.06,0,2025-04
CUST_0620,Mid,404.25,20,0.0,0,2025-02
CUST_0621,SMB,98.07,9,0.0,0,2025-04
CUST_0622,Enterprise,2304.12,51,0.08,0,2025-03
CUST_0623,Mid,528.04,20,0.07,0,2025-05
CUST_0624,SMB,77.43,16,0.0,0,2025-12
CUST_0625,SMB,112.1,10,0.06,0,2025-05
CUST_0626,Mid,522.37,15,0.0,0,2025-08
CUST_0627,Mid,462.77,23,0.07,0,2025-07
CUST_0628,SMB,108.51,11,0.03,0,2025-01
CUST_0629,Enterprise,2331.72,50,0.06,0,2025-10
CUST_0630,SMB,92.08,11,0.03,0,2025-08
CUST_0631,Mid,528.38,17,0.0,0,2025-02
CUST_0632,SMB,124.99,8,0.06,0,2025-07
CUST_0633,Mid,644.33,14,0.0,0,2025-02
CUST_0634,SMB,82.59,14,0.01,0,2025-08
CUST_0635,SMB,124.33,7,0.01,0,2025-06
CUST_0636,SMB,93.46,12,0.0,0,2025-04
CUST_0637,Mid,587.37,19,0.03,0,2025-11
CUST_0638,SMB,136.78,6,0.0,1,2025-07
CUST_0639,SMB,81.91,15,0.06,0,2025-12
CUST_0640,Enterprise,2970.61,29,0.1,0,2025-11
CUST_0641,SMB,117.63,7,0.04,0,2025-06
CUST_0642,SMB,127.11,7,0.07,0,2025-02
CUST_0643,Mid,361.11,27,0.02,0,2025-11
CUST_0644,Enterprise,1690.46,59,0.1,0,2025-03
CUST_0645,Enterprise,1018.65,58,0.08,0,2025-04
CUST_0646,Mid,474.25,20,0.01,0,2025-03
CUST_0647,Mid,518.96,20,0.0,0,2025-03
CUST_0648,Mid,437.54,23,0.0,1,2025-06
CUST_0649,SMB,128.89,6,0.0,0,2025-10
CUST_0650,SMB,85.56,14,0.13,0,2025-04
CUST_0651,Mid,424.93,24,0.05,0,2025-02
CUST_0652,SMB,96.72,11,0.0,0,2025-10
CUST_0653,SMB,100.77,9,0.02,0,2025-05
CUST_0654,SMB,123.25,7,0.0,0,2025-06
CUST_0655,SMB,101.92,10,0.02,0,2025-12
CUST_0656,Enterprise,2248.39,47,0.07,0,2025-09
CUST_0657,SMB,96.37,9,0.0,0,2025-01
CUST_0658,SMB,100.44,10,0.0,0,2025-06
CUST_0659,SMB,85.82,13,0.1,0,2025-10
CUST_0660,Mid,517.78,19,0.04,0,2025-09
CUST_0661,Mid,320.33,32,0.12,0,2025-02
CUST_0662,SMB,92.77,13,0.08,0,2025-07
CUST_0663,Mid,521.26,23,0.1,0,2025-11
CUST_0664,Mid,443.61,23,0.0,0,2025-03
CUST_0665,SMB,139.45,6,0.0,0,2025-06
CUST_0666,SMB,129.78,7,0.05,0,2025-05
CUST_0667,SMB,76.65,18,0.06,0,2025-03
CUST_0668,Mid,342.06,32,0.08,0,2025-01
CUST_0669,SMB,110.57,10,0.06,1,2025-01
CUST_0670,Mid,464.43,20,0.11,0,2025-12
CUST_0671,SMB,116.81,7,0.01,0,2025-11
CUST_0672,SMB,89.36,11,0.0,0,2025-02
CUST_0673,Mid,626.92,19,0.06,0,2025-07
CUST_0674,SMB,111.47,8,0.0,0,2025-03
CUST_0675,Mid,371.17,29,0.06,0,2025-11
CUST_0676,SMB,87.72,12,0.0,0,2025-03
CUST_0677,SMB,90.45,11,0.0,0,2025-03
CUST_0678,Enterprise,1719.7,52,0.06,0,2025-03
CUST_0679,SMB,102.53,10,0.0,0,2025-05
CUST_0680,SMB,103.54,8,0.01,0,2025-01
CUST_0681,SMB,76.87,19,0.11,0,2025-12
CUST_0682,SMB,98.42,10,0.0,0,2025-11
CUST_0683,Mid,597.02,18,0.0,0,2025-04
CUST_0684,Mid,427.15,25,0.08,0,2025-05
CUST_0685,SMB,109.92,9,0.0,0,2025-12
CUST_0686,SMB,138.7,5,0.0,0,2025-03
CUST_0687,SMB,102.25,9,0.0,0,2025-11
CUST_0688,Enterprise,2879.21,42,0.13,0,2025-07
CUST_0689,SMB,84.57,13,0.07,0,2025-05
CUST_0690,Mid,503.85,18,0.04,0,2025-07
CUST_0691,Mid,516.57,16,0.02,0,2025-09
CUST_0692,SMB,137.67,6,0.07,0,2025-07
CUST_0693,Mid,482.21,24,0.08,0,2025-11
CUST_0694,Mid,377.85,26,0.08,0,2025-10
CUST_0695,SMB,100.94,11,0.0,0,2025-05
CUST_0696,Mid,418.01,30,0.04,0,2025-05
CUST_0697,Enterprise,2081.61,48,0.08,0,2025-11
CUST_0698,SMB,80.53,14,0.03,0,2025-03
CUST_0699,SMB,82.21,14,0.0,0,2025-01
CUST_0700,Enterprise,1349.34,67,0.15,0,2025-03
CUST_0701,Enterprise,1232.76,63,0.14,0,2025-12
CUST_0702,Mid,382.9,20,0.0,0,2025-05
CUST_0703,SMB,85.5,10,0.01,0,2025-04
CUST_0704,SMB,101.88,11,0.0,0,2025-09
CUST_0705,SMB,82.71,15,0.0,0,2025-02
CUST_0706,Enterprise,2245.6,51,0.06,0,2025-03
CUST_0707,SMB,106.72,8,0.0,0,2025-04
CUST_0708,Mid,428.09,25,0.0,0,2025-04
CUST_0709,Mid,547.53,21,0.06,0,2025-10
CUST_0710,Mid,548.06,22,0.09,0,2025-12
CUST_0711,SMB,138.52,5,0.0,0,2025-11
CUST_0712,Mid,638.43,17,0.01,0,2025-03
CUST_0713,Mid,548.43,21,0.08,0,2025-03
CUST_0714,Enterprise,1628.17,49,0.02,0,2025-06
CUST_0715,SMB,83.78,13,0.0,0,2025-07
CUST_0716,Enterprise,2106.37,52,0.07,0,2025-07
CUST_0717,Enterprise,1802.84,48,0.09,0,2025-02
CUST_0718,SMB,114.37,8,0.0,0,2025-07
CUST_0719,Mid,581.69,18,0.03,0,2025-08
CUST_0720,Mid,427.8,30,0.12,0,2025-07
CUST_0721,Mid,619.17,15,0.05,0,2025-05
CUST_0722,Mid,460.65,20,0.12,0,2025-01
CUST_0723,SMB,107.58,8,0.02,0,2025-01
CUST_0724,SMB,106.29,8,0.02,0,2025-02
CUST_0725,SMB,101.45,8,0.01,0,2025-09
CUST_0726,SMB,115.87,8,0.0,0,2025-04
CUST_0727,Mid,493.91,18,0.06,0,2025-06
CUST_0728,SMB,74.93,15,0.0,0,2025-02
CUST_0729,SMB,119.91,7,0.09,0,2025-03
CUST_0730,Enterprise,1106.81,78,0.12,0,2025-10
CUST_0731,SMB,104.05,8,0.03,0,2025-05
CUST_0732,Enterprise,2548.89,45,0.08,0,2025-05
CUST_0733,Enterprise,2064.47,41,0.05,0,2025-06
CUST_0734,Mid,510.77,22,0.07,0,2025-01
CUST_0735,SMB,56.46,27,0.01,0,2025-09
CUST_0736,Mid,352.59,28,0.09,0,2025-01
CUST_0737,SMB,88.52,15,0.05,0,2025-02
CUST_0738,Enterprise,1697.3,57,0.11,0,2025-10
CUST_0739,Mid,590.97,16,0.01,0,2025-05
CUST_0740,Mid,591.61,18,0.03,0,2025-08
CUST_0741,Enterprise,2500.91,42,0.08,0,2025-03
CUST_0742,SMB,84.81,10,0.0,0,2025-03
CUST_0743,SMB,96.99,9,0.0,0,2025-08
CUST_0744,SMB,76.56,15,0.0,1,2025-03
CUST_0745,Mid,670.98,15,0.04,0,2025-10
CUST_0746,Mid,389.77,27,0.04,0,2025-02
CUST_0747,SMB,118.65,8,0.0,0,2025-01
CUST_0748,Mid,413.19,28,0.08,0,2025-06
CUST_0749,SMB,126.28,6,0.0,0,2025-07
CUST_0750,SMB,88.93,13,0.04,0,2025-05
CUST_0751,SMB,92.0,11,0.01,0,2025-10
CUST_0752,Mid,518.25,25,0.12,0,2025-09
CUST_0753,Enterprise,2139.5,45,0.14,0,2025-07
CUST_0754,Mid,389.2,30,0.08,0,2025-12
CUST_0755,SMB,87.71,13,0.0,0,2025-09
CUST_0756,Mid,362.83,33,0.09,0,2025-11
CUST_0757,Enterprise,1836.03,50,0.14,0,2025-05
CUST_0758,SMB,122.94,7,0.0,0,2025-08
CUST_0759,Enterprise,1996.48,50,0.09,0,2025-05
CUST_0760,Mid,427.15,28,0.13,0,2025-02
CUST_0761,Enterprise,2772.63,45,0.22,0,2025-02
CUST_0762,SMB,91.42,11,0.0,0,2025-11
CUST_0763,SMB,99.83,10,0.0,1,2025-10
CUST_0764,SMB,93.79,11,0.01,0,2025-05
CUST_0765,SMB,102.12,9,0.04,0,2025-03
CUST_0766,SMB,65.0,20,0.0,0,2025-05
CUST_0767,Mid,556.0,17,0.0,0,2025-10
CUST_0768,Mid,495.84,22,0.16,0,2025-07
CUST_0769,Mid,358.47,32,0.06,0,2025-03
CUST_0770,Enterprise,1577.53,42,0.06,0,2025-12
CUST_0771,Mid,653.32,17,0.1,0,2025-08
CUST_0772,SMB,141.79,6,0.05,0,2025-04
CUST_0773,Enterprise,1993.71,58,0.14,0,2025-03
CUST_0774,SMB,108.85,8,0.0,0,2025-06
CUST_0775,SMB,107.24,8,0.05,0,2025-03
CUST_0776,SMB,88.44,13,0.03,0,2025-03
CUST_0777,SMB,106.29,9,0.09,0,2025-05
CUST_0778,Mid,552.06,21,0.08,0,2025-03
CUST_0779,SMB,117.96,8,0.0,1,2025-03
CUST_0780,SMB,102.63,13,0.12,0,2025-02
CUST_0781,SMB,106.95,9,0.0,0,2025-02
CUST_0782,SMB,103.83,7,0.0,1,2025-12
CUST_0783,SMB,58.84,19,0.02,0,2025-08
CUST_0784,Mid,509.02,15,0.06,0,2025-02
CUST_0785,SMB,60.49,17,0.04,0,2025-06
CUST_0786,Enterprise,2014.23,51,0.14,0,2025-06
CUST_0787,Mid,489.39,29,0.14,0,2025-08
CUST_0788,SMB,107.54,10,0.04,0,2025-12
CUST_0789,SMB,100.45,8,0.0,1,2025-04
CUST_0790,SMB,103.97,9,0.07,0,2025-01
CUST_0791,Enterprise,1739.57,53,0.02,0,2025-06
CUST_0792,Mid,444.79,21,0.11,0,2025-05
CUST_0793,SMB,131.97,7,0.04,0,2025-03
CUST_0794,SMB,71.68,15,0.0,0,2025-02
CUST_0795,SMB,117.47,8,0.0,0,2025-03
CUST_0796,Enterprise,3102.11,55,0.14,0,2025-11
CUST_0797,Mid,613.12,19,0.06,0,2025-07
CUST_0798,Mid,467.81,25,0.02,0,2025-05
CUST_0799,SMB,80.49,16,0.05,0,2025-07
CUST_0800,Mid,453.34,24,0.0,0,2025-05
CUST_0801,SMB,113.3,6,0.0,0,2025-07
CUST_0802,SMB,93.49,10,0.0,0,2025-04
CUST_0803,Enterprise,1706.61,43,0.15,0,2025-12
CUST_0804,Enterprise,2070.72,57,0.05,0,2025-04
CUST_0805,Mid,556.09,16,0.0,0,2025-10
CUST_0806,SMB,67.54,18,0.06,0,2025-05
CUST_0807,SMB,122.92,8,0.0,0,2025-12
CUST_0808,SMB,69.39,16,0.0,0,2025-07
CUST_0809,Mid,522.31,23,0.1,0,2025-11
CUST_0810,SMB,87.97,12,0.0,0,2025-07
CUST_0811,Mid,666.21,16,0.05,0,2025-01
CUST_0812,Mid,303.76,38,0.12,0,2025-04
CUST_0813,Enterprise,1888.28,55,0.01,0,2025-02
CUST_0814,SMB,121.59,6,0.0,0,2025-12
CUST_0815,SMB,104.46,8,0.06,0,2025-03
CUST_0816,SMB,102.25,9,0.0,0,2025-04
CUST_0817,Enterprise,1901.91,42,0.07,0,2025-10
CUST_0818,SMB,89.97,12,0.0,0,2025-05
CUST_0819,SMB,92.98,11,0.0,0,2025-02
CUST_0820,SMB,114.49,8,0.02,0,2025-01
CUST_0821,Enterprise,2032.31,50,0.02,0,2025-12
CUST_0822,Enterprise,2044.93,55,0.1,0,2025-06
CUST_0823,Enterprise,1900.17,53,0.01,0,2025-01
CUST_0824,Enterprise,1936.95,50,0.11,0,2025-03
CUST_0825,Mid,444.18,23,0.04,0,2025-06
CUST_0826,SMB,121.82,8,0.04,1,2025-02
CUST_0827,Enterprise,2355.0,54,0.19,0,2025-11
CUST_0828,SMB,102.94,10,0.09,0,2025-07
CUST_0829,Enterprise,1961.81,51,0.09,0,2025-03
CUST_0830,Mid,439.89,24,0.11,0,2025-01
CUST_0831,Enterprise,1968.82,60,0.09,0,2025-04
CUST_0832,SMB,101.35,8,0.0,0,2025-11
CUST_0833,SMB,101.09,10,0.0,0,2025-02
CUST_0834,Enterprise,2651.72,50,0.18,0,2025-02
CUST_0835,SMB,110.74,8,0.0,0,2025-02
CUST_0836,SMB,107.54,9,0.04,0,2025-09
CUST_0837,Enterprise,1831.17,51,0.08,0,2025-07
CUST_0838,SMB,92.95,9,0.0,0,2025-12
CUST_0839,Enterprise,2042.56,55,0.18,0,2025-01
CUST_0840,SMB,130.33,8,0.06,0,2025-07
CUST_0841,SMB,99.92,11,0.0,0,2025-05
CUST_0842,SMB,82.05,12,0.0,0,2025-03
CUST_0843,SMB,69.63,18,0.0,0,2025-08
CUST_0844,SMB,92.97,9,0.0,0,2025-11
CUST_0845,Mid,477.56,19,0.1,0,2025-03
CUST_0846,SMB,89.71,13,0.08,0,2025-11
CUST_0847,Mid,444.31,21,0.02,0,2025-11
CUST_0848,Mid,570.86,18,0.1,0,2025-10
CUST_0849,Enterprise,2570.16,38,0.22,0,2025-03
CUST_0850,SMB,81.51,11,0.04,0,2025-08
CUST_0851,Mid,454.88,25,0.14,0,2025-06
CUST_0852,SMB,91.11,11,0.0,0,2025-09
CUST_0853,Mid,459.23,20,0.0,0,2025-06
CUST_0854,Enterprise,1567.7,60,0.08,0,2025-08
CUST_0855,Mid,440.34,25,0.15,0,2025-05
CUST_0856,Enterprise,2016.2,49,0.01,0,2025-11
CUST_0857,Mid,449.96,24,0.07,0,2025-11
CUST_0858,Enterprise,2526.96,44,0.05,0,2025-11
CUST_0859,SMB,74.23,17,0.03,0,2025-05
CUST_0860,Enterprise,1936.54,57,0.16,0,2025-03
CUST_0861,Mid,583.97,15,0.0,0,2025-01
CUST_0862,Enterprise,1517.9,51,0.01,1,2025-04
CUST_0863,Enterprise,2665.19,49,0.17,0,2025-09
CUST_0864,Mid,412.82,25,0.0,0,2025-12
CUST_0865,Mid,526.9,23,0.06,0,2025-02
CUST_0866,SMB,96.21,10,0.0,0,2025-01
CUST_0867,Enterprise,2519.47,51,0.13,0,2025-10
CUST_0868,SMB,120.91,7,0.02,1,2025-05
CUST_0869,SMB,99.91,10,0.02,0,2025-11
CUST_0870,SMB,112.17,8,0.0,0,2025-07
CUST_0871,SMB,111.04,7,0.03,0,2025-10
CUST_0872,Mid,423.86,26,0.08,0,2025-05
CUST_0873,SMB,122.99,8,0.01,0,2025-09
CUST_0874,SMB,105.77,8,0.0,0,2025-08
CUST_0875,Mid,394.26,25,0.08,0,2025-09
CUST_0876,Mid,465.7,22,0.02,0,2025-09
CUST_0877,SMB,106.46,11,0.06,0,2025-07
CUST_0878,Enterprise,2272.11,59,0.1,0,2025-04
CUST_0879,Mid,519.95,20,0.05,0,2025-07
CUST_0880,SMB,90.77,9,0.0,0,2025-01
CUST_0881,SMB,86.53,11,0.0,0,2025-09
CUST_0882,SMB,116.87,8,0.0,0,2025-05
CUST_0883,SMB,80.82,11,0.0,0,2025-07
CUST_0884,Enterprise,2206.5,44,0.12,0,2025-04
CUST_0885,SMB,103.02,8,0.02,0,2025-06
CUST_0886,SMB,88.19,15,0.03,0,2025-05
CUST_0887,SMB,106.97,8,0.0,0,2025-06
CUST_0888,SMB,121.49,6,0.0,0,2025-03
CUST_0889,Enterprise,2545.24,43,0.16,0,2025-03
CUST_0890,SMB,115.89,8,0.01,0,2025-07
CUST_0891,SMB,102.7,9,0.0,0,2025-05
CUST_0892,Enterprise,1544.16,63,0.06,0,2025-09
CUST_0893,SMB,73.3,16,0.0,0,2025-02
CUST_0894,SMB,120.89,8,0.0,0,2025-03
CUST_0895,Enterprise,2409.4,56,0.11,0,2025-08
CUST_0896,Mid,416.5,25,0.03,0,2025-09
CUST_0897,SMB,103.21,11,0.09,0,2025-09
CUST_0898,SMB,86.67,12,0.0,0,2025-07
CUST_0899,Enterprise,1716.8,59,0.14,0,2025-02
CUST_0900,SMB,80.31,13,0.0,0,2025-08
CUST_0901,SMB,127.28,6,0.0,0,2025-03
CUST_0902,SMB,87.78,13,0.0,0,2025-10
CUST_0903,Enterprise,2295.88,52,0.14,0,2025-04
CUST_0904,SMB,95.89,9,0.0,0,2025-12
CUST_0905,Mid,561.41,15,0.01,1,2025-03
CUST_0906,SMB,125.73,6,0.0,0,2025-02
CUST_0907,SMB,133.1,7,0.0,0,2025-07
CUST_0908,SMB,91.77,10,0.0,0,2025-05
CUST_0909,Enterprise,1227.53,68,0.07,0,2025-11
CUST_0910,Mid,583.78,21,0.05,0,2025-01
CUST_0911,Mid,674.86,14,0.03,0,2025-07
CUST_0912,SMB,152.76,5,0.03,0,2025-10
CUST_0913,Mid,570.34,20,0.16,0,2025-05
CUST_0914,SMB,81.18,14,0.0,0,2025-02
CUST_0915,Enterprise,1852.6,60,0.05,0,2025-02
CUST_0916,Enterprise,1284.4,59,0.12,0,2025-04
CUST_0917,Mid,603.26,16,0.13,0,2025-03
CUST_0918,Mid,421.13,28,0.07,0,2025-10
CUST_0919,Enterprise,1600.0,52,0.09,0,2025-02
CUST_0920,Mid,606.54,17,0.04,0,2025-09
CUST_0921,SMB,106.23,9,0.0,0,2025-01
CUST_0922,SMB,116.19,8,0.0,0,2025-04
CUST_0923,SMB,124.2,6,0.06,0,2025-02
CUST_0924,SMB,87.24,13,0.02,0,2025-11
CUST_0925,SMB,60.46,23,0.05,0,2025-11
CUST_0926,SMB,99.05,9,0.0,0,2025-07
CUST_0927,Mid,537.98,19,0.04,0,2025-04
CUST_0928,Mid,553.42,20,0.13,0,2025-09
CUST_0929,Enterprise,2565.91,48,0.11,0,2025-03
CUST_0930,Mid,369.04,26,0.06,0,2025-06
CUST_0931,Enterprise,2000.81,61,0.12,0,2025-02
CUST_0932,Mid,471.49,23,0.02,0,2025-10
CUST_0933,Enterprise,2292.34,50,0.08,0,2025-12
CUST_0934,SMB,86.78,13,0.0,0,2025-06
CUST_0935,SMB,114.19,7,0.03,1,2025-07
CUST_0936,SMB,63.41,18,0.02,0,2025-01
CUST_0937,SMB,97.72,8,0.0,0,2025-03
CUST_0938,Mid,365.18,28,0.1,0,2025-01
CUST_0939,Enterprise,1154.66,86,0.05,0,2025-03
CUST_0940,Mid,469.44,29,0.18,0,2025-08
CUST_0941,Enterprise,1557.75,47,0.07,0,2025-03
CUST_0942,Mid,461.43,23,0.0,0,2025-02
CUST_0943,SMB,83.34,10,0.0,0,2025-09
CUST_0944,Mid,498.01,20,0.05,0,2025-01
CUST_0945,Mid,393.38,32,0.17,0,2025-10
CUST_0946,SMB,119.25,7,0.0,0,2025-08
CUST_0947,SMB,131.47,6,0.03,0,2025-05
CUST_0948,Mid,495.94,19,0.09,0,2025-05
CUST_0949,SMB,121.96,7,0.0,0,2025-03
CUST_0950,SMB,120.22,6,0.0,0,2025-02
CUST_0951,SMB,119.56,8,0.0,1,2025-11
CUST_0952,Enterprise,2484.69,42,0.0,0,2025-11
CUST_0953,Mid,504.72,24,0.0,0,2025-12
CUST_0954,Mid,476.4,25,0.09,0,2025-06
CUST_0955,SMB,110.98,8,0.02,0,2025-03
CUST_0956,SMB,85.94,12,0.0,0,2025-02
CUST_0957,Enterprise,1077.5,73,0.14,0,2025-12
CUST_0958,SMB,135.9,6,0.0,0,2025-08
CUST_0959,Mid,620.61,17,0.08,0,2025-01
CUST_0960,Enterprise,2195.47,55,0.1,0,2025-04
CUST_0961,Enterprise,1588.96,53,0.04,0,2025-05
CUST_0962,SMB,97.52,10,0.06,0,2025-08
CUST_0963,SMB,79.45,15,0.0,0,2025-07
CUST_0964,SMB,118.56,7,0.0,0,2025-02
CUST_0965,SMB,50.0,32,0.09,0,2025-10
CUST_0966,Enterprise,1910.84,63,0.17,0,2025-07
CUST_0967,Mid,433.27,23,0.02,0,2025-09
CUST_0968,SMB,135.33,7,0.03,1,2025-03
CUST_0969,Enterprise,1511.81,57,0.04,0,2025-12
CUST_0970,Mid,409.36,26,0.03,0,2025-06
CUST_0971,SMB,107.78,8,0.0,0,2025-02
CUST_0972,Enterprise,1702.94,53,0.1,0,2025-07
CUST_0973,Mid,639.85,18,0.13,0,2025-11
CUST_0974,SMB,123.54,5,0.0,0,2025-01
CUST_0975,SMB,98.97,10,0.03,0,2025-05
CUST_0976,Enterprise,1485.09,65,0.05,0,2025-08
CUST_0977,SMB,100.95,10,0.0,0,2025-12
CUST_0978,SMB,75.87,17,0.07,0,2025-04
CUST_0979,Mid,388.94,26,0.0,0,2025-05
CUST_0980,SMB,73.06,20,0.01,0,2025-09
CUST_0981,SMB,138.44,6,0.0,0,2025-01
CUST_0982,SMB,76.98,17,0.02,0,2025-10
CUST_0983,SMB,95.42,11,0.0,0,2025-03
CUST_0984,Mid,522.89,22,0.1,0,2025-07
CUST_0985,SMB,101.14,9,0.01,0,2025-10
CUST_0986,SMB,100.44,10,0.03,0,2025-07
CUST_0987,SMB,143.46,6,0.03,0,2025-08
CUST_0988,Mid,436.29,27,0.07,0,2025-08
CUST_0989,Mid,529.1,23,0.15,0,2025-10
CUST_0990,Enterprise,2819.02,56,0.14,1,2025-03
CUST_0991,Enterprise,2031.33,53,0.19,0,2025-04
CUST_0992,Mid,620.78,13,0.05,0,2025-07
CUST_0993,Enterprise,2865.96,43,0.0,0,2025-03
CUST_0994,Mid,634.17,15,0.05,0,2025-04
CUST_0995,SMB,118.8,6,0.0,0,2025-12
CUST_0996,Mid,456.11,25,0.09,0,2025-12
CUST_0997,SMB,76.42,15,0.0,0,2025-11
CUST_0998,SMB,68.89,17,0.0,0,2025-04
CUST_0999,Mid,326.65,32,0.06,0,2025-11
CUST_1000,Mid,457.59,20,0.0,0,2025-02
CUST_1001,Enterprise,1089.62,60,0.06,0,2025-02
CUST_1002,Enterprise,2852.05,46,0.14,0,2025-03
CUST_1003,Enterprise,2028.8,55,0.07,0,2025-06
CUST_1004,Mid,619.07,20,0.15,0,2025-01
CUST_1005,SMB,78.53,13,0.0,0,2025-03
CUST_1006,Enterprise,3269.69,38,0.08,0,2025-11
CUST_1007,SMB,114.98,8,0.08,0,2025-04
CUST_1008,SMB,66.87,19,0.0,0,2025-10
CUST_1009,Mid,472.63,22,0.05,0,2025-10
CUST_1010,Enterprise,2048.91,51,0.12,0,2025-11
CUST_1011,Mid,558.27,17,0.03,0,2025-02
CUST_1012,Enterprise,1720.96,59,0.13,0,2025-12
CUST_1013,Enterprise,2516.94,50,0.08,0,2025-10
CUST_1014,SMB,102.47,9,0.04,0,2025-07
CUST_1015,Mid,532.04,16,0.05,0,2025-09
CUST_1016,SMB,113.94,10,0.01,0,2025-12
CUST_1017,Mid,482.22,18,0.0,1,2025-11
CUST_1018,Mid,412.45,28,0.06,0,2025-02
CUST_1019,Mid,458.54,23,0.0,0,2025-09
CUST_1020,Mid,680.14,17,0.0,0,2025-01
CUST_1021,SMB,109.2,8,0.01,0,2025-09
CUST_1022,Mid,360.56,27,0.0,0,2025-01
CUST_1023,SMB,85.22,13,0.0,0,2025-01
CUST_1024,Mid,409.13,24,0.02,0,2025-11
CUST_1025,Mid,738.17,16,0.09,0,2025-10
CUST_1026,SMB,89.88,12,0.0,1,2025-09
CUST_1027,SMB,83.11,13,0.03,0,2025-06
CUST_1028,SMB,53.41,29,0.15,0,2025-04
CUST_1029,SMB,95.88,10,0.0,0,2025-01
CUST_1030,Enterprise,2804.43,43,0.21,0,2025-10
CUST_1031,SMB,115.02,9,0.03,0,2025-04
CUST_1032,Mid,498.67,19,0.0,0,2025-09
CUST_1033,SMB,90.66,10,0.0,0,2025-11
CUST_1034,Mid,386.62,27,0.11,0,2025-07
CUST_1035,SMB,125.92,7,0.0,0,2025-11
CUST_1036,SMB,73.43,17,0.0,0,2025-06
CUST_1037,Mid,551.47,20,0.03,1,2025-07
CUST_1038,SMB,78.14,15,0.0,0,2025-10
CUST_1039,SMB,120.54,9,0.03,0,2025-08
CUST_1040,Mid,541.58,16,0.0,1,2025-07
CUST_1041,SMB,92.3,13,0.0,0,2025-04
CUST_1042,SMB,111.25,8,0.0,0,2025-07
CUST_1043,SMB,97.42,9,0.0,0,2025-05
CUST_1044,Enterprise,1510.63,65,0.17,0,2025-01
CUST_1045,Enterprise,1917.14,53,0.1,0,2025-05
CUST_1046,Mid,482.42,23,0.1,0,2025-01
CUST_1047,Enterprise,2789.87,44,0.08,0,2025-08
CUST_1048,SMB,79.7,15,0.06,0,2025-09
CUST_1049,SMB,84.57,12,0.0,0,2025-10
CUST_1050,Enterprise,1599.24,57,0.12,0,2025-05
CUST_1051,Enterprise,1473.08,51,0.12,0,2025-02
CUST_1052,Mid,443.87,20,0.04,0,2025-04
CUST_1053,SMB,127.28,5,0.0,0,2025-04
CUST_1054,SMB,128.64,5,0.0,0,2025-07
CUST_1055,SMB,101.24,9,0.0,0,2025-01
CUST_1056,Mid,350.26,26,0.0,0,2025-05
CUST_1057,SMB,103.13,9,0.0,1,2025-04
CUST_1058,Enterprise,2696.58,49,0.12,0,2025-10
CUST_1059,Enterprise,2376.46,44,0.14,0,2025-08
CUST_1060,Enterprise,2024.99,47,0.1,0,2025-05
CUST_1061,SMB,127.02,6,0.0,0,2025-04
CUST_1062,SMB,56.44,21,0.05,0,2025-08
CUST_1063,Mid,372.08,27,0.02,0,2025-04
CUST_1064,SMB,104.8,8,0.0,0,2025-12
CUST_1065,SMB,132.36,5,0.0,0,2025-02
CUST_1066,SMB,76.13,17,0.09,1,2025-01
CUST_1067,SMB,92.35,10,0.0,0,2025-02
CUST_1068,Mid,382.09,29,0.0,0,2025-02
CUST_1069,SMB,102.75,12,0.07,0,2025-08
CUST_1070,Mid,479.58,21,0.08,0,2025-05
CUST_1071,SMB,75.29,18,0.08,0,2025-06
CUST_1072,SMB,123.08,6,0.02,0,2025-09
CUST_1073,SMB,119.64,7,0.0,0,2025-10
CUST_1074,SMB,118.03,8,0.0,0,2025-05
CUST_1075,SMB,84.02,15,0.05,1,2025-01
CUST_1076,Mid,734.91,13,0.03,0,2025-02
CUST_1077,SMB,119.99,6,0.0,0,2025-11
CUST_1078,Mid,679.39,15,0.14,0,2025-07
CUST_1079,SMB,102.75,10,0.0,0,2025-09
CUST_1080,SMB,107.99,8,0.02,0,2025-01
CUST_1081,Enterprise,2147.78,48,0.11,0,2025-06
CUST_1082,SMB,64.84,18,0.0,0,2025-02
CUST_1083,SMB,136.37,5,0.0,0,2025-11
CUST_1084,Enterprise,2332.9,53,0.07,0,2025-03
CUST_1085,Enterprise,2149.63,51,0.07,0,2025-11
CUST_1086,Enterprise,1430.95,61,0.09,0,2025-04
CUST_1087,SMB,82.6,15,0.05,0,2025-11
CUST_1088,Mid,577.32,16,0.09,0,2025-11
CUST_1089,Enterprise,1817.38,63,0.02,0,2025-09
CUST_1090,Mid,546.9,18,0.06,0,2025-01
CUST_1091,SMB,125.13,6,0.0,0,2025-02
CUST_1092,Enterprise,1055.15,63,0.21,0,2025-09
CUST_1093,Enterprise,3009.04,41,0.11,0,2025-03
CUST_1094,SMB,106.75,9,0.01,0,2025-08
CUST_1095,SMB,86.64,10,0.01,0,2025-01
CUST_1096,Mid,501.57,22,0.01,0,2025-12
CUST_1097,SMB,101.69,7,0.0,1,2025-11
CUST_1098,SMB,104.03,10,0.01,0,2025-12
CUST_1099,SMB,118.22,6,0.0,0,2025-12
CUST_1100,SMB,117.65,8,0.01,0,2025-07
CUST_1101,SMB,109.72,10,0.0,0,2025-02
CUST_1102,Mid,438.18,23,0.07,0,2025-09
CUST_1103,SMB,86.85,12,0.02,0,2025-03
CUST_1104,SMB,131.1,6,0.0,0,2025-02
CUST_1105,Enterprise,1839.81,47,0.01,0,2025-10
CUST_1106,Enterprise,2238.33,54,0.14,0,2025-05
CUST_1107,Mid,520.47,22,0.04,0,2025-05
CUST_1108,Mid,582.62,18,0.03,0,2025-06
CUST_1109,Enterprise,2134.05,61,0.23,0,2025-04
CUST_1110,Mid,409.85,24,0.14,0,2025-09
CUST_1111,Mid,404.74,24,0.07,0,2025-11
CUST_1112,Enterprise,2466.79,46,0.17,0,2025-10
CUST_1113,Enterprise,1703.91,50,0.2,0,2025-11
CUST_1114,Mid,404.32,28,0.0,0,2025-10
CUST_1115,Enterprise,2149.76,53,0.08,0,2025-04
CUST_1116,SMB,111.89,8,0.0,0,2025-10
CUST_1117,SMB,95.1,7,0.02,0,2025-04
CUST_1118,Mid,456.71,21,0.0,0,2025-08
CUST_1119,Enterprise,1864.28,55,0.11,0,2025-11
CUST_1120,Mid,473.3,24,0.06,0,2025-08
CUST_1121,SMB,99.49,10,0.0,0,2025-12
CUST_1122,SMB,87.92,12,0.0,0,2025-02
CUST_1123,Enterprise,1098.34,72,0.11,0,2025-10
CUST_1124,SMB,93.09,9,0.0,0,2025-06
CUST_1125,Mid,354.52,31,0.02,0,2025-06
CUST_1126,Enterprise,1725.96,42,0.08,0,2025-05
CUST_1127,SMB,83.83,14,0.09,0,2025-12
CUST_1128,Mid,514.52,17,0.05,0,2025-08
CUST_1129,Enterprise,1013.17,75,0.13,0,2025-01
CUST_1130,SMB,110.83,8,0.0,0,2025-08
CUST_1131,Mid,411.36,23,0.0,0,2025-11
CUST_1132,SMB,104.23,9,0.0,0,2025-07
CUST_1133,SMB,81.28,15,0.01,0,2025-09
CUST_1134,SMB,92.14,11,0.03,0,2025-10
CUST_1135,SMB,103.33,8,0.0,1,2025-05
CUST_1136,SMB,104.6,11,0.02,0,2025-04
CUST_1137,Enterprise,1532.54,66,0.01,0,2025-11
CUST_1138,SMB,120.84,7,0.0,0,2025-10
CUST_1139,SMB,80.78,15,0.03,0,2025-12
CUST_1140,SMB,120.79,8,0.06,0,2025-06
CUST_1141,SMB,100.96,11,0.06,0,2025-08
CUST_1142,SMB,87.11,12,0.0,1,2025-03
CUST_1143,SMB,116.44,7,0.0,0,2025-07
CUST_1144,Mid,700.02,15,0.0,0,2025-11
CUST_1145,SMB,137.23,5,0.0,1,2025-03
CUST_1146,SMB,105.82,8,0.05,0,2025-06
CUST_1147,SMB,75.45,15,0.0,0,2025-07
CUST_1148,SMB,76.07,15,0.0,0,2025-11
CUST_1149,SMB,82.19,12,0.03,0,2025-03
CUST_1150,Mid,657.23,17,0.14,0,2025-10
CUST_1151,Mid,466.52,20,0.0,1,2025-03
CUST_1152,Mid,440.02,27,0.04,0,2025-01
CUST_1153,SMB,109.76,10,0.09,0,2025-05
CUST_1154,Enterprise,1365.93,64,0.2,0,2025-07
CUST_1155,Mid,360.91,28,0.03,0,2025-09
CUST_1156,SMB,66.22,20,0.01,0,2025-12
CUST_1157,Mid,342.88,32,0.1,0,2025-04
CUST_1158,Mid,609.18,15,0.0,0,2025-12
CUST_1159,SMB,80.56,15,0.04,0,2025-12
CUST_1160,Enterprise,2105.81,56,0.12,0,2025-12
CUST_1161,Enterprise,1800.75,59,0.12,0,2025-01
CUST_1162,SMB,139.82,6,0.0,0,2025-07
CUST_1163,SMB,113.45,9,0.01,0,2025-12
CUST_1164,Mid,540.33,20,0.02,0,2025-10
CUST_1165,Mid,416.05,30,0.12,0,2025-02
CUST_1166,SMB,135.83,5,0.0,0,2025-05
CUST_1167,Mid,390.13,22,0.0,0,2025-04
CUST_1168,Enterprise,1786.65,59,0.06,0,2025-03
CUST_1169,SMB,100.44,12,0.14,0,2025-09
CUST_1170,SMB,123.14,10,0.16,0,2025-08
CUST_1171,SMB,71.06,16,0.06,0,2025-08
CUST_1172,SMB,69.01,14,0.03,0,2025-10
CUST_1173,SMB,71.86,16,0.0,0,2025-01
CUST_1174,Mid,576.01,16,0.05,0,2025-08
CUST_1175,SMB,107.8,10,0.06,1,2025-02
CUST_1176,Enterprise,1958.57,54,0.11,0,2025-10
CUST_1177,Enterprise,2469.36,47,0.04,0,2025-02
CUST_1178,Enterprise,1381.5,67,0.12,0,2025-09
CUST_1179,SMB,81.16,13,0.0,0,2025-04
CUST_1180,Mid,583.72,17,0.02,0,2025-01
CUST_1181,Mid,579.07,20,0.07,0,2025-04
CUST_1182,SMB,97.31,11,0.05,0,2025-03
CUST_1183,SMB,121.43,6,0.0,0,2025-05
CUST_1184,SMB,88.26,14,0.01,0,2025-09
CUST_1185,Mid,516.82,22,0.1,0,2025-05
CUST_1186,Mid,551.65,20,0.16,0,2025-08
CUST_1187,Enterprise,1474.2,58,0.04,0,2025-10
CUST_1188,Enterprise,2016.41,50,0.16,0,2025-08
CUST_1189,Mid,764.2,14,0.08,0,2025-08
CUST_1190,Mid,572.24,17,0.0,0,2025-12
CUST_1191,SMB,93.17,12,0.03,0,2025-03
CUST_1192,Enterprise,2070.65,53,0.09,0,2025-05
CUST_1193,Mid,366.34,35,0.12,0,2025-09
CUST_1194,SMB,106.4,8,0.0,0,2025-05
CUST_1195,SMB,84.13,12,0.02,0,2025-01
CUST_1196,SMB,103.14,10,0.02,0,2025-07
CUST_1197,SMB,101.44,9,0.04,1,2025-10
CUST_1198,SMB,101.75,10,0.01,0,2025-03
CUST_1199,Mid,518.01,20,0.01,0,2025-02
CUST_1200,Mid,427.36,23,0.08,0,2025-01
CUST_1201,SMB,126.34,7,0.0,0,2025-06
CUST_1202,Enterprise,2498.35,58,0.16,1,2025-08
CUST_1203,Mid,502.12,22,0.07,0,2025-07
CUST_1204,Mid,543.73,19,0.0,0,2025-10
CUST_1205,SMB,114.05,8,0.07,0,2025-06
CUST_1206,SMB,131.62,7,0.0,0,2025-06
CUST_1207,Mid,403.44,30,0.13,0,2025-12
CUST_1208,Enterprise,2078.38,47,0.08,0,2025-08
CUST_1209,SMB,75.66,16,0.06,0,2025-10
CUST_1210,SMB,66.95,17,0.0,0,2025-12
CUST_1211,Mid,442.94,25,0.06,0,2025-07
CUST_1212,Mid,513.38,21,0.11,0,2025-12
CUST_1213,Mid,365.69,34,0.03,0,2025-01
CUST_1214,SMB,81.22,12,0.0,0,2025-11
CUST_1215,SMB,108.34,9,0.06,0,2025-04
CUST_1216,SMB,125.57,7,0.0,0,2025-03
CUST_1217,SMB,64.08,18,0.0,0,2025-10
CUST_1218,SMB,92.46,10,0.0,0,2025-12
CUST_1219,Enterprise,1723.87,67,0.05,0,2025-04
CUST_1220,SMB,137.35,5,0.0,0,2025-10
CUST_1221,Mid,449.62,20,0.08,0,2025-01
CUST_1222,Mid,407.29,28,0.04,0,2025-12
CUST_1223,Enterprise,1975.9,44,0.11,0,2025-03
CUST_1224,SMB,68.13,20,0.0,0,2025-11
CUST_1225,Mid,452.32,27,0.13,0,2025-10
CUST_1226,SMB,131.83,5,0.0,0,2025-12
CUST_1227,Enterprise,1974.94,58,0.09,0,2025-05
CUST_1228,Mid,356.37,28,0.07,0,2025-12
CUST_1229,SMB,88.61,15,0.0,0,2025-08
CUST_1230,SMB,106.04,9,0.04,0,2025-01
CUST_1231,Enterprise,2313.65,45,0.16,0,2025-08
CUST_1232,Mid,451.91,22,0.09,0,2025-08
CUST_1233,SMB,147.84,5,0.0,0,2025-11
CUST_1234,SMB,90.88,9,0.0,1,2025-06
CUST_1235,SMB,113.31,8,0.0,0,2025-03
CUST_1236,SMB,70.88,17,0.0,0,2025-05
CUST_1237,SMB,85.54,11,0.0,0,2025-09
CUST_1238,Mid,432.02,25,0.01,0,2025-01
CUST_1239,Enterprise,1026.33,69,0.15,0,2025-11
CUST_1240,SMB,117.14,8,0.05,0,2025-12
CUST_1241,Mid,484.79,21,0.13,0,2025-10
CUST_1242,SMB,144.08,5,0.05,0,2025-03
CUST_1243,SMB,89.66,14,0.03,0,2025-02
CUST_1244,SMB,102.22,10,0.02,0,2025-03
CUST_1245,SMB,91.96,11,0.05,0,2025-03
CUST_1246,SMB,136.15,7,0.0,1,2025-09
CUST_1247,Enterprise,2486.68,40,0.13,0,2025-09
CUST_1248,SMB,79.31,12,0.0,0,2025-08
CUST_1249,SMB,58.46,27,0.0,0,2025-02
CUST_1250,Mid,345.51,28,0.04,0,2025-10
CUST_1251,Mid,319.18,28,0.11,0,2025-09
CUST_1252,Mid,485.18,23,0.04,0,2025-07
CUST_1253,Mid,482.83,23,0.1,0,2025-03
CUST_1254,SMB,101.29,8,0.0,0,2025-11
CUST_1255,Enterprise,1703.62,58,0.17,0,2025-10
CUST_1256,Mid,550.91,18,0.0,0,2025-01
CUST_1257,SMB,123.86,7,0.0,0,2025-02
CUST_1258,Enterprise,1735.4,55,0.1,0,2025-11
CUST_1259,Enterprise,1817.16,59,0.13,0,2025-05
CUST_1260,Mid,633.7,14,0.03,0,2025-06
CUST_1261,SMB,95.5,11,0.05,0,2025-05
CUST_1262,SMB,98.1,10,0.02,0,2025-09
CUST_1263,SMB,79.12,14,0.03,0,2025-06
CUST_1264,SMB,137.61,5,0.0,0,2025-07
CUST_1265,SMB,97.54,9,0.0,0,2025-07
CUST_1266,Mid,556.32,16,0.0,0,2025-05
CUST_1267,SMB,91.96,10,0.04,0,2025-12
CUST_1268,SMB,102.3,10,0.0,0,2025-10
CUST_1269,SMB,122.82,7,0.0,1,2025-06
CUST_1270,SMB,66.36,19,0.07,0,2025-01
CUST_1271,SMB,83.01,13,0.0,1,2025-12
CUST_1272,Mid,433.66,22,0.01,0,2025-12
CUST_1273,Mid,450.13,20,0.02,0,2025-11
CUST_1274,SMB,90.45,15,0.04,0,2025-05
CUST_1275,Mid,427.5,20,0.03,0,2025-04
CUST_1276,SMB,92.55,13,0.06,0,2025-05
CUST_1277,SMB,94.42,12,0.01,0,2025-02
CUST_1278,SMB,90.3,10,0.0,0,2025-11
CUST_1279,Mid,630.54,14,0.0,0,2025-07
CUST_1280,SMB,125.85,7,0.02,0,2025-08
CUST_1281,SMB,93.04,10,0.0,0,2025-11
CUST_1282,SMB,116.14,8,0.01,0,2025-05
CUST_1283,Enterprise,1775.45,59,0.11,0,2025-03
CUST_1284,Enterprise,1669.55,59,0.05,1,2025-10
CUST_1285,SMB,80.98,13,0.03,0,2025-03
CUST_1286,Mid,397.67,27,0.04,0,2025-10
CUST_1287,Enterprise,1449.11,55,0.1,0,2025-05
CUST_1288,Enterprise,2327.06,54,0.09,0,2025-06
CUST_1289,SMB,103.68,7,0.0,0,2025-01
CUST_1290,SMB,85.3,13,0.03,0,2025-11
CUST_1291,SMB,110.41,8,0.0,0,2025-06
CUST_1292,SMB,125.37,7,0.0,0,2025-09
CUST_1293,Enterprise,1817.41,60,0.07,0,2025-06
CUST_1294,Enterprise,1000.0,82,0.09,0,2025-04
CUST_1295,Mid,581.1,16,0.16,0,2025-08
CUST_1296,Mid,472.04,16,0.08,0,2025-03
CUST_1297,SMB,104.7,11,0.06,0,2025-12
CUST_1298,SMB,120.49,7,0.0,0,2025-04
CUST_1299,SMB,102.46,8,0.0,0,2025-05
CUST_1300,SMB,82.99,14,0.01,0,2025-07
CUST_1301,Enterprise,1877.98,44,0.16,0,2025-03
CUST_1302,SMB,106.35,10,0.02,0,2025-03
CUST_1303,SMB,145.07,5,0.0,0,2025-08
CUST_1304,SMB,116.85,7,0.0,0,2025-08
CUST_1305,SMB,50.0,26,0.0,0,2025-04
CUST_1306,SMB,78.98,13,0.0,0,2025-09
CUST_1307,SMB,69.13,16,0.03,0,2025-01
CUST_1308,Mid,405.8,26,0.08,0,2025-09
CUST_1309,SMB,91.84,12,0.02,0,2025-06
CUST_1310,Enterprise,2557.36,34,0.14,0,2025-06
CUST_1311,SMB,118.83,9,0.06,0,2025-06
CUST_1312,SMB,102.41,8,0.0,0,2025-11
CUST_1313,Mid,503.05,18,0.01,0,2025-08
CUST_1314,Enterprise,1725.11,48,0.05,0,2025-01
CUST_1315,SMB,85.41,11,0.0,0,2025-11
CUST_1316,Mid,403.36,26,0.04,0,2025-02
CUST_1317,SMB,94.59,8,0.0,0,2025-03
CUST_1318,SMB,97.58,12,0.03,0,2025-10
CUST_1319,SMB,129.25,7,0.0,0,2025-05
CUST_1320,SMB,128.58,6,0.08,0,2025-12
CUST_1321,SMB,98.49,11,0.05,0,2025-08
CUST_1322,Mid,598.35,13,0.07,0,2025-07
CUST_1323,SMB,105.09,7,0.0,0,2025-10
CUST_1324,Mid,342.06,33,0.08,0,2025-09
CUST_1325,Mid,496.01,24,0.1,0,2025-11
CUST_1326,SMB,101.65,10,0.0,0,2025-02
CUST_1327,SMB,123.75,6,0.0,0,2025-03
CUST_1328,Enterprise,1650.89,49,0.09,0,2025-07
CUST_1329,Mid,518.07,20,0.12,0,2025-08
CUST_1330,Enterprise,1780.27,65,0.11,0,2025-09
CUST_1331,SMB,133.03,6,0.0,0,2025-06
CUST_1332,Mid,507.25,18,0.09,0,2025-07
CUST_1333,Enterprise,2600.97,46,0.1,0,2025-12
CUST_1334,SMB,94.69,8,0.0,0,2025-01
CUST_1335,Mid,564.08,20,0.05,0,2025-08
CUST_1336,SMB,100.25,9,0.0,0,2025-02
CUST_1337,SMB,103.0,11,0.04,0,2025-10
CUST_1338,SMB,78.77,16,0.0,0,2025-04
CUST_1339,SMB,60.71,21,0.0,0,2025-10
CUST_1340,SMB,89.13,11,0.02,1,2025-03
CUST_1341,Enterprise,1996.36,46,0.04,0,2025-12
CUST_1342,SMB,91.54,11,0.08,0,2025-06
CUST_1343,SMB,87.28,14,0.0,0,2025-11
CUST_1344,SMB,82.98,10,0.0,0,2025-06
CUST_1345,SMB,84.25,15,0.0,0,2025-11
CUST_1346,Mid,503.07,22,0.02,0,2025-05
CUST_1347,Mid,615.59,18,0.1,0,2025-03
CUST_1348,SMB,101.35,8,0.0,0,2025-11
CUST_1349,Mid,469.92,21,0.0,0,2025-09
CUST_1350,SMB,99.11,9,0.0,0,2025-02
CUST_1351,Mid,508.84,20,0.03,0,2025-03
CUST_1352,Mid,660.64,14,0.02,0,2025-11
CUST_1353,SMB,89.67,11,0.0,0,2025-05
CUST_1354,Enterprise,2779.7,40,0.06,0,2025-05
CUST_1355,Mid,473.34,20,0.0,0,2025-06
CUST_1356,SMB,85.79,15,0.09,0,2025-05
CUST_1357,SMB,86.27,15,0.06,0,2025-08
CUST_1358,SMB,74.28,15,0.0,0,2025-10
CUST_1359,Enterprise,1751.86,53,0.19,0,2025-01
CUST_1360,SMB,94.51,12,0.0,0,2025-07
CUST_1361,Enterprise,2439.48,55,0.12,1,2025-12
CUST_1362,Mid,454.01,22,0.01,1,2025-12
CUST_1363,Mid,567.79,22,0.13,0,2025-08
CUST_1364,Enterprise,1066.36,76,0.08,0,2025-06
CUST_1365,Enterprise,1668.9,61,0.11,0,2025-05
CUST_1366,Mid,612.48,18,0.02,0,2025-04
CUST_1367,SMB,104.6,8,0.01,1,2025-05
CUST_1368,Mid,694.41,14,0.0,0,2025-08
CUST_1369,SMB,102.37,9,0.0,0,2025-08
CUST_1370,Mid,737.16,15,0.08,0,2025-08
CUST_1371,Mid,368.46,29,0.12,0,2025-01
CUST_1372,Enterprise,1664.14,58,0.0,1,2025-06
CUST_1373,Mid,436.92,25,0.04,0,2025-12
CUST_1374,SMB,89.45,10,0.0,0,2025-07
CUST_1375,Mid,408.54,26,0.03,0,2025-08
CUST_1376,SMB,56.03,21,0.0,0,2025-08
CUST_1377,Enterprise,3121.96,39,0.0,0,2025-09
CUST_1378,SMB,125.05,8,0.06,0,2025-01
CUST_1379,SMB,122.2,6,0.01,0,2025-07
CUST_1380,SMB,94.15,13,0.05,0,2025-08
CUST_1381,SMB,79.45,15,0.07,0,2025-07
CUST_1382,SMB,85.77,13,0.0,0,2025-07
CUST_1383,SMB,61.82,24,0.04,0,2025-02
CUST_1384,SMB,72.63,17,0.0,0,2025-11
CUST_1385,SMB,139.06,7,0.03,0,2025-11
CUST_1386,Mid,559.75,22,0.1,0,2025-04
CUST_1387,SMB,120.43,7,0.07,0,2025-09
CUST_1388,Mid,647.1,20,0.09,1,2025-12
CUST_1389,Mid,550.03,14,0.09,0,2025-04
CUST_1390,SMB,118.22,6,0.01,0,2025-01
CUST_1391,SMB,88.12,13,0.0,0,2025-01
CUST_1392,SMB,108.96,9,0.1,0,2025-11
CUST_1393,Mid,640.45,19,0.13,0,2025-12
CUST_1394,SMB,77.01,12,0.01,0,2025-04
CUST_1395,Enterprise,1548.06,61,0.08,0,2025-10
CUST_1396,Mid,343.88,31,0.01,0,2025-08
CUST_1397,SMB,63.74,19,0.0,0,2025-12
CUST_1398,Enterprise,3053.46,44,0.17,0,2025-02
CUST_1399,Enterprise,2260.32,44,0.09,0,2025-05
CUST_1400,Enterprise,2523.88,52,0.14,0,2025-06
CUST_1401,SMB,89.97,11,0.0,0,2025-08
CUST_1402,Mid,653.16,17,0.08,0,2025-09
CUST_1403,Mid,578.99,18,0.08,0,2025-09
CUST_1404,SMB,131.97,7,0.0,1,2025-06
CUST_1405,Mid,586.4,18,0.04,0,2025-06
CUST_1406,Mid,635.72,15,0.11,0,2025-02
CUST_1407,Enterprise,1847.25,47,0.17,0,2025-12
CUST_1408,Mid,494.86,19,0.0,0,2025-12
CUST_1409,Enterprise,1959.05,58,0.15,0,2025-11
CUST_1410,SMB,105.96,11,0.08,0,2025-01
CUST_1411,Mid,610.8,19,0.11,0,2025-07
CUST_1412,SMB,69.69,19,0.12,0,2025-10
CUST_1413,Mid,388.33,27,0.14,0,2025-07
CUST_1414,Mid,501.37,19,0.0,0,2025-12
CUST_1415,SMB,103.21,8,0.03,0,2025-02
CUST_1416,Enterprise,2843.77,40,0.04,0,2025-10
CUST_1417,Enterprise,1729.28,49,0.06,0,2025-12
CUST_1418,Mid,406.71,32,0.12,0,2025-03
CUST_1419,Enterprise,1771.48,58,0.08,0,2025-08
CUST_1420,Mid,400.06,28,0.07,0,2025-12
CUST_1421,Mid,501.95,21,0.0,0,2025-08
CUST_1422,SMB,95.45,12,0.1,0,2025-12
CUST_1423,SMB,128.0,5,0.01,0,2025-06
CUST_1424,Enterprise,2441.62,60,0.14,0,2025-06
CUST_1425,SMB,171.11,3,0.01,1,2025-03
CUST_1426,SMB,93.09,11,0.0,0,2025-11
CUST_1427,SMB,70.09,18,0.06,1,2025-06
CUST_1428,Mid,399.43,31,0.05,0,2025-12
CUST_1429,SMB,105.12,8,0.0,0,2025-12
CUST_1430,SMB,123.21,8,0.03,0,2025-11
CUST_1431,Mid,486.59,24,0.0,0,2025-01
CUST_1432,SMB,101.46,8,0.0,0,2025-02
CUST_1433,SMB,141.73,6,0.01,0,2025-04
CUST_1434,Mid,420.59,27,0.05,0,2025-09
CUST_1435,Enterprise,2213.14,47,0.15,0,2025-02
CUST_1436,Mid,732.96,19,0.14,0,2025-06
CUST_1437,Enterprise,2120.9,51,0.12,0,2025-08
CUST_1438,SMB,65.24,18,0.03,0,2025-06
CUST_1439,SMB,74.11,17,0.0,0,2025-04
CUST_1440,Mid,404.55,28,0.12,0,2025-11
CUST_1441,SMB,99.53,12,0.12,1,2025-06
CUST_1442,Enterprise,2137.13,41,0.04,0,2025-11
CUST_1443,Mid,371.41,28,0.02,0,2025-11
CUST_1444,Mid,505.82,22,0.11,0,2025-10
CUST_1445,SMB,118.84,7,0.01,0,2025-11
CUST_1446,SMB,67.38,18,0.0,0,2025-10
CUST_1447,Mid,376.25,26,0.07,0,2025-09
CUST_1448,SMB,112.0,7,0.0,0,2025-02
CUST_1449,Enterprise,2190.68,49,0.17,0,2025-12
CUST_1450,SMB,111.48,8,0.04,0,2025-02
CUST_1451,SMB,89.91,12,0.01,0,2025-02
CUST_1452,Mid,520.24,19,0.09,0,2025-09
CUST_1453,Mid,392.38,20,0.06,0,2025-03
CUST_1454,Mid,561.11,17,0.01,0,2025-01
CUST_1455,Mid,503.97,20,0.0,0,2025-10
CUST_1456,SMB,81.51,14,0.01,0,2025-06
CUST_1457,Enterprise,1240.5,64,0.17,0,2025-12
CUST_1458,SMB,101.81,10,0.0,0,2025-06
CUST_1459,Mid,417.88,25,0.08,0,2025-04
CUST_1460,SMB,92.4,14,0.06,0,2025-04
CUST_1461,Mid,466.38,18,0.08,0,2025-10
CUST_1462,SMB,83.1,14,0.02,0,2025-10
CUST_1463,Mid,301.79,27,0.0,0,2025-04
CUST_1464,SMB,94.16,11,0.0,0,2025-01
CUST_1465,SMB,88.82,11,0.0,0,2025-03
CUST_1466,SMB,87.45,8,0.01,0,2025-04
CUST_1467,SMB,78.82,13,0.0,0,2025-02
CUST_1468,SMB,142.49,6,0.11,1,2025-06
CUST_1469,Mid,481.51,20,0.08,0,2025-06
CUST_1470,Mid,492.31,19,0.03,0,2025-11
CUST_1471,SMB,73.13,15,0.04,0,2025-07
CUST_1472,Enterprise,1594.45,49,0.06,0,2025-12
CUST_1473,SMB,120.32,6,0.0,0,2025-09
CUST_1474,SMB,59.01,22,0.0,0,2025-07
CUST_1475,Mid,358.29,31,0.0,0,2025-01
CUST_1476,Enterprise,1904.47,62,0.14,0,2025-01
CUST_1477,SMB,138.58,6,0.0,1,2025-12
CUST_1478,Mid,530.89,16,0.0,0,2025-10
CUST_1479,Enterprise,1014.93,78,0.09,0,2025-10
CUST_1480,Mid,398.61,23,0.01,0,2025-09
CUST_1481,SMB,94.82,10,0.0,0,2025-08
CUST_1482,Mid,423.33,23,0.0,0,2025-01
CUST_1483,Mid,647.89,16,0.06,0,2025-02
CUST_1484,SMB,68.84,16,0.0,0,2025-08
CUST_1485,SMB,109.08,9,0.0,0,2025-10
CUST_1486,Mid,578.38,15,0.04,0,2025-09
CUST_1487,Mid,342.7,32,0.0,0,2025-08
CUST_1488,SMB,105.09,9,0.0,0,2025-07
CUST_1489,SMB,125.29,6,0.02,0,2025-02
CUST_1490,SMB,111.24,8,0.08,0,2025-01
CUST_1491,Enterprise,2172.48,50,0.0,0,2025-05
CUST_1492,Enterprise,2007.67,52,0.14,0,2025-03
CUST_1493,Enterprise,1196.87,76,0.12,0,2025-11
CUST_1494,Mid,414.66,22,0.12,0,2025-03
CUST_1495,SMB,93.28,11,0.0,1,2025-07
CUST_1496,SMB,102.15,9,0.06,1,2025-04
CUST_1497,SMB,99.11,8,0.03,1,2025-08
CUST_1498,Enterprise,1726.05,47,0.0,0,2025-05
CUST_1499,SMB,101.08,10,0.05,0,2025-07
CUST_1500,SMB,81.5,15,0.04,0,2025-06
CUST_1501,Enterprise,1424.66,66,0.1,0,2025-10
CUST_1502,SMB,76.19,15,0.0,0,2025-04
CUST_1503,Mid,461.04,26,0.07,0,2025-05
CUST_1504,Enterprise,2050.79,54,0.08,0,2025-12
CUST_1505,SMB,114.47,8,0.0,0,2025-07
CUST_1506,Mid,451.09,25,0.0,0,2025-06
CUST_1507,SMB,108.9,10,0.04,0,2025-09
CUST_1508,Enterprise,1443.35,58,0.06,0,2025-12
CUST_1509,Mid,554.27,21,0.06,0,2025-08
CUST_1510,Mid,585.19,17,0.08,0,2025-09
CUST_1511,SMB,107.24,8,0.1,1,2025-12
CUST_1512,Mid,510.02,16,0.0,0,2025-09
CUST_1513,Mid,477.06,22,0.06,1,2025-09
CUST_1514,Mid,351.86,29,0.03,0,2025-04
CUST_1515,Mid,521.0,22,0.08,0,2025-08
CUST_1516,SMB,97.19,13,0.03,0,2025-07
CUST_1517,SMB,95.42,11,0.0,1,2025-11
CUST_1518,SMB,75.45,16,0.02,1,2025-10
CUST_1519,SMB,126.0,7,0.0,0,2025-03
CUST_1520,Enterprise,2567.0,51,0.11,0,2025-01
CUST_1521,Mid,589.13,17,0.04,0,2025-03
CUST_1522,Mid,544.41,19,0.11,0,2025-12
CUST_1523,SMB,92.28,12,0.05,0,2025-06
CUST_1524,Mid,760.69,15,0.09,0,2025-05
CUST_1525,SMB,61.81,22,0.03,0,2025-09
CUST_1526,Mid,480.84,23,0.0,1,2025-08
CUST_1527,Mid,566.08,15,0.0,0,2025-07
CUST_1528,SMB,105.92,9,0.07,0,2025-01
CUST_1529,Enterprise,2252.39,53,0.1,0,2025-04
CUST_1530,SMB,81.32,14,0.0,0,2025-08
CUST_1531,Enterprise,2488.19,49,0.15,0,2025-12
CUST_1532,Enterprise,1731.01,64,0.07,0,2025-12
CUST_1533,Mid,480.64,24,0.09,0,2025-03
CUST_1534,SMB,94.59,10,0.0,0,2025-12
CUST_1535,SMB,66.38,19,0.0,0,2025-10
CUST_1536,SMB,119.72,9,0.09,0,2025-04
CUST_1537,Enterprise,1890.15,53,0.08,0,2025-07
CUST_1538,Enterprise,1508.76,62,0.05,0,2025-08
CUST_1539,Mid,399.94,22,0.01,0,2025-02
CUST_1540,Mid,411.4,27,0.05,0,2025-10
CUST_1541,SMB,125.47,7,0.0,0,2025-02
CUST_1542,Mid,617.42,18,0.19,0,2025-12
CUST_1543,Mid,380.21,25,0.07,0,2025-11
CUST_1544,Enterprise,1369.54,59,0.1,0,2025-03
CUST_1545,SMB,131.52,6,0.0,0,2025-06
CUST_1546,Enterprise,1497.55,67,0.11,0,2025-07
CUST_1547,SMB,93.36,10,0.0,0,2025-08
CUST_1548,Mid,515.97,18,0.0,0,2025-04
CUST_1549,SMB,103.67,9,0.02,0,2025-03
CUST_1550,Mid,545.52,20,0.07,0,2025-08
CUST_1551,SMB,101.85,11,0.0,0,2025-10
CUST_1552,SMB,59.23,24,0.02,0,2025-09
CUST_1553,Mid,506.89,19,0.06,0,2025-08
CUST_1554,Mid,398.76,23,0.1,0,2025-08
CUST_1555,SMB,101.09,9,0.0,0,2025-04
CUST_1556,SMB,137.49,6,0.07,0,2025-01
CUST_1557,Mid,439.7,28,0.07,0,2025-06
CUST_1558,Enterprise,2415.81,49,0.12,0,2025-05
CUST_1559,SMB,94.95,10,0.0,0,2025-07
CUST_1560,SMB,78.26,14,0.0,0,2025-08
CUST_1561,SMB,101.83,9,0.0,0,2025-01
CUST_1562,Mid,663.71,13,0.0,0,2025-11
CUST_1563,Enterprise,2669.39,39,0.01,0,2025-04
CUST_1564,Mid,580.56,16,0.0,0,2025-04
CUST_1565,SMB,101.71,8,0.0,0,2025-03
CUST_1566,SMB,89.92,11,0.0,0,2025-01
CUST_1567,SMB,84.03,13,0.01,0,2025-08
CUST_1568,Enterprise,1852.71,51,0.03,0,2025-07
CUST_1569,SMB,106.54,10,0.0,1,2025-06
CUST_1570,Enterprise,3038.89,46,0.08,1,2025-12
CUST_1571,Enterprise,2070.6,45,0.11,0,2025-04
CUST_1572,SMB,98.39,10,0.0,0,2025-03
CUST_1573,Enterprise,2098.98,50,0.16,0,2025-11
CUST_1574,SMB,146.81,6,0.0,0,2025-08
CUST_1575,SMB,77.16,12,0.0,0,2025-05
CUST_1576,Mid,508.29,24,0.03,0,2025-02
CUST_1577,Mid,266.16,43,0.02,0,2025-03
CUST_1578,SMB,73.7,15,0.0,0,2025-05
CUST_1579,SMB,119.06,7,0.04,0,2025-03
CUST_1580,SMB,85.87,13,0.0,0,2025-08
CUST_1581,Mid,522.51,18,0.05,0,2025-07
CUST_1582,Mid,465.52,21,0.0,0,2025-07
CUST_1583,SMB,109.79,8,0.0,0,2025-01
CUST_1584,Mid,593.64,15,0.02,0,2025-05
CUST_1585,Mid,432.83,24,0.15,0,2025-07
CUST_1586,Mid,317.9,28,0.04,0,2025-06
CUST_1587,Mid,537.56,18,0.02,0,2025-12
CUST_1588,SMB,109.74,11,0.0,0,2025-11
CUST_1589,SMB,102.85,9,0.0,1,2025-12
CUST_1590,SMB,103.92,8,0.0,0,2025-12
CUST_1591,Mid,572.33,18,0.1,0,2025-01
CUST_1592,Enterprise,1997.94,41,0.05,0,2025-07
CUST_1593,Enterprise,1913.75,53,0.05,0,2025-11
CUST_1594,Mid,419.2,27,0.06,0,2025-05
CUST_1595,Enterprise,1833.26,61,0.14,0,2025-12
CUST_1596,SMB,81.07,16,0.0,0,2025-01
CUST_1597,Enterprise,2050.14,42,0.09,0,2025-01
CUST_1598,SMB,152.61,5,0.0,0,2025-01
CUST_1599,Mid,441.14,20,0.1,0,2025-08
CUST_1600,SMB,108.61,9,0.0,0,2025-10
CUST_1601,Mid,543.59,18,0.01,0,2025-10
CUST_1602,SMB,117.56,9,0.16,0,2025-04
CUST_1603,SMB,94.88,10,0.06,0,2025-08
CUST_1604,SMB,95.02,12,0.0,0,2025-10
CUST_1605,Enterprise,2631.64,36,0.02,0,2025-09
CUST_1606,SMB,125.58,6,0.01,0,2025-02
CUST_1607,Mid,555.74,20,0.08,0,2025-09
CUST_1608,SMB,118.93,7,0.0,0,2025-07
CUST_1609,Enterprise,3048.85,40,0.13,0,2025-09
CUST_1610,SMB,101.29,10,0.09,0,2025-06
CUST_1611,SMB,92.03,12,0.0,0,2025-09
CUST_1612,Mid,344.06,31,0.02,0,2025-08
CUST_1613,SMB,57.69,25,0.05,0,2025-07
CUST_1614,SMB,79.85,15,0.0,0,2025-06
CUST_1615,SMB,113.07,7,0.02,0,2025-09
CUST_1616,Mid,410.5,28,0.02,0,2025-04
CUST_1617,SMB,121.12,8,0.04,0,2025-08
CUST_1618,Enterprise,1506.48,62,0.02,0,2025-10
CUST_1619,Enterprise,1182.16,67,0.09,0,2025-05
CUST_1620,Mid,495.94,18,0.03,0,2025-01
CUST_1621,SMB,98.21,11,0.0,0,2025-03
CUST_1622,SMB,107.73,9,0.0,0,2025-04
CUST_1623,Mid,415.66,24,0.09,0,2025-08
CUST_1624,SMB,96.8,11,0.01,0,2025-10
CUST_1625,SMB,108.75,8,0.06,0,2025-02
CUST_1626,Mid,608.75,18,0.01,0,2025-08
CUST_1627,Mid,531.26,20,0.09,0,2025-01
CUST_1628,SMB,97.94,11,0.1,0,2025-08
CUST_1629,Mid,462.58,23,0.07,0,2025-04
CUST_1630,SMB,112.36,8,0.07,0,2025-12
CUST_1631,Mid,611.66,14,0.06,0,2025-05
CUST_1632,SMB,83.5,12,0.01,0,2025-06
CUST_1633,Enterprise,1443.96,67,0.04,0,2025-03
CUST_1634,SMB,130.18,5,0.0,0,2025-11
CUST_1635,Mid,481.09,17,0.02,1,2025-10
CUST_1636,Enterprise,2394.06,48,0.11,0,2025-06
CUST_1637,Mid,603.14,16,0.07,0,2025-11
CUST_1638,Enterprise,1323.57,71,0.08,0,2025-09
CUST_1639,SMB,94.84,12,0.1,0,2025-07
CUST_1640,SMB,81.76,18,0.1,0,2025-09
CUST_1641,Enterprise,2218.56,48,0.19,0,2025-10
CUST_1642,SMB,104.22,10,0.03,0,2025-02
CUST_1643,SMB,121.36,7,0.0,0,2025-05
CUST_1644,SMB,109.73,9,0.04,0,2025-02
CUST_1645,SMB,72.71,17,0.0,0,2025-10
CUST_1646,SMB,104.61,9,0.0,0,2025-08
CUST_1647,Mid,417.2,22,0.09,0,2025-09
CUST_1648,Enterprise,1314.34,72,0.15,0,2025-02
CUST_1649,Enterprise,2338.18,49,0.1,0,2025-04
CUST_1650,SMB,123.3,7,0.0,0,2025-10
CUST_1651,Mid,509.52,21,0.14,0,2025-10
CUST_1652,SMB,133.51,6,0.0,0,2025-11
CUST_1653,Mid,459.92,26,0.13,0,2025-06
CUST_1654,SMB,134.8,7,0.0,0,2025-08
CUST_1655,SMB,87.26,12,0.04,0,2025-07
CUST_1656,Enterprise,2075.24,52,0.07,0,2025-04
CUST_1657,SMB,103.76,10,0.0,0,2025-08
CUST_1658,Mid,720.96,14,0.11,0,2025-09
CUST_1659,Enterprise,2389.31,47,0.04,0,2025-11
CUST_1660,Enterprise,1213.25,63,0.13,0,2025-01
CUST_1661,Mid,598.86,18,0.03,0,2025-03
CUST_1662,SMB,128.03,7,0.0,0,2025-11
CUST_1663,Mid,515.25,23,0.0,0,2025-07
CUST_1664,SMB,73.05,16,0.0,0,2025-10
CUST_1665,Mid,402.9,23,0.07,0,2025-05
CUST_1666,SMB,110.03,7,0.0,0,2025-05
CUST_1667,SMB,150.11,6,0.0,0,2025-12
CUST_1668,Enterprise,1868.42,49,0.14,0,2025-04
CUST_1669,Mid,585.22,19,0.05,0,2025-09
CUST_1670,SMB,119.23,8,0.0,0,2025-05
CUST_1671,Mid,395.58,24,0.08,0,2025-05
CUST_1672,SMB,116.22,8,0.05,1,2025-10
CUST_1673,Mid,448.44,22,0.06,0,2025-04
CUST_1674,Mid,413.84,25,0.03,0,2025-06
CUST_1675,Enterprise,1488.95,67,0.12,0,2025-04
CUST_1676,SMB,119.29,9,0.0,1,2025-11
CUST_1677,SMB,101.15,8,0.03,0,2025-08
CUST_1678,Enterprise,2652.94,46,0.15,0,2025-06
CUST_1679,Enterprise,2464.01,36,0.11,0,2025-08
CUST_1680,SMB,100.37,9,0.0,0,2025-04
CUST_1681,Enterprise,2274.04,45,0.11,0,2025-12
CUST_1682,Enterprise,1845.5,50,0.07,0,2025-08
CUST_1683,SMB,103.48,7,0.0,0,2025-05
CUST_1684,SMB,112.59,9,0.0,0,2025-03
CUST_1685,SMB,57.59,26,0.06,0,2025-08
CUST_1686,SMB,73.14,17,0.0,0,2025-01
CUST_1687,SMB,77.86,15,0.0,0,2025-04
CUST_1688,Mid,701.32,10,0.01,0,2025-05
CUST_1689,SMB,94.7,10,0.0,0,2025-03
CUST_1690,SMB,118.25,7,0.0,0,2025-02
CUST_1691,Mid,421.0,25,0.08,0,2025-03
CUST_1692,SMB,123.81,8,0.0,0,2025-02
CUST_1693,Enterprise,2024.6,45,0.09,0,2025-01
CUST_1694,Enterprise,2543.32,50,0.08,0,2025-11
CUST_1695,Enterprise,2254.65,56,0.07,0,2025-04
CUST_1696,Mid,422.96,25,0.12,0,2025-11
CUST_1697,Enterprise,1870.44,64,0.09,0,2025-07
CUST_1698,SMB,117.97,7,0.0,0,2025-10
CUST_1699,SMB,101.37,12,0.01,0,2025-09
CUST_1700,Mid,360.07,23,0.01,0,2025-08
CUST_1701,SMB,122.92,8,0.06,0,2025-09
CUST_1702,Enterprise,2173.03,55,0.14,0,2025-07
CUST_1703,Mid,387.59,22,0.06,0,2025-10
CUST_1704,Mid,583.12,19,0.07,0,2025-04
CUST_1705,SMB,94.7,12,0.05,0,2025-10
CUST_1706,SMB,97.89,10,0.0,0,2025-05
CUST_1707,Mid,489.62,23,0.0,0,2025-12
CUST_1708,SMB,88.25,15,0.03,1,2025-06
CUST_1709,Mid,547.27,17,0.06,0,2025-12
CUST_1710,SMB,128.32,7,0.0,0,2025-01
CUST_1711,Enterprise,2131.58,38,0.05,0,2025-02
CUST_1712,Mid,358.24,29,0.03,0,2025-06
CUST_1713,SMB,76.27,15,0.03,0,2025-01
CUST_1714,SMB,90.01,12,0.0,1,2025-04
CUST_1715,SMB,132.87,6,0.02,0,2025-07
CUST_1716,SMB,76.35,16,0.08,0,2025-07
CUST_1717,Mid,490.07,17,0.04,0,2025-08
CUST_1718,SMB,93.79,11,0.01,0,2025-03
CUST_1719,Mid,250.0,40,0.13,0,2025-09
CUST_1720,Mid,471.34,25,0.03,0,2025-12
CUST_1721,SMB,115.52,7,0.03,0,2025-06
CUST_1722,Enterprise,1000.0,78,0.09,0,2025-10
CUST_1723,Enterprise,2339.65,37,0.06,0,2025-07
CUST_1724,Enterprise,1788.05,52,0.13,0,2025-03
CUST_1725,Enterprise,2175.29,52,0.09,0,2025-07
CUST_1726,SMB,79.5,15,0.02,0,2025-06
CUST_1727,Mid,379.38,26,0.14,0,2025-10
CUST_1728,Mid,553.1,16,0.0,0,2025-09
CUST_1729,SMB,109.69,9,0.01,0,2025-08
CUST_1730,SMB,126.85,7,0.04,0,2025-10
CUST_1731,Mid,459.85,20,0.03,0,2025-04
CUST_1732,Mid,530.81,21,0.02,0,2025-12
CUST_1733,SMB,128.4,6,0.03,1,2025-06
CUST_1734,SMB,114.39,9,0.05,1,2025-07
CUST_1735,SMB,114.37,7,0.0,1,2025-07
CUST_1736,Enterprise,1156.7,54,0.02,0,2025-03
CUST_1737,SMB,74.7,19,0.08,0,2025-03
CUST_1738,SMB,74.21,12,0.0,0,2025-03
CUST_1739,SMB,152.65,6,0.0,0,2025-06
CUST_1740,SMB,75.99,13,0.0,0,2025-01
CUST_1741,Enterprise,2023.58,42,0.11,0,2025-08
CUST_1742,SMB,120.3,6,0.0,0,2025-07
CUST_1743,SMB,73.37,18,0.02,0,2025-07
CUST_1744,SMB,71.58,15,0.01,0,2025-07
CUST_1745,Enterprise,1714.85,61,0.1,0,2025-02
CUST_1746,SMB,84.68,13,0.0,0,2025-02
CUST_1747,SMB,73.27,16,0.03,0,2025-02
CUST_1748,SMB,118.28,7,0.0,0,2025-09
CUST_1749,SMB,83.72,11,0.0,0,2025-01
CUST_1750,SMB,117.86,7,0.0,1,2025-05
CUST_1751,SMB,109.88,7,0.07,0,2025-02
CUST_1752,Enterprise,1672.73,58,0.05,0,2025-06
CUST_1753,Enterprise,1624.66,48,0.13,0,2025-11
CUST_1754,SMB,112.74,8,0.0,0,2025-12
CUST_1755,Enterprise,1487.89,68,0.1,0,2025-05
CUST_1756,SMB,95.71,12,0.06,0,2025-11
CUST_1757,Enterprise,2266.85,49,0.17,0,2025-06
CUST_1758,Mid,647.95,16,0.0,0,2025-08
CUST_1759,Enterprise,2368.21,51,0.07,0,2025-03
CUST_1760,SMB,97.41,9,0.0,0,2025-01
CUST_1761,SMB,73.27,13,0.0,0,2025-02
CUST_1762,SMB,140.42,5,0.02,0,2025-06
CUST_1763,Mid,537.85,18,0.02,0,2025-07
CUST_1764,SMB,66.21,20,0.0,0,2025-05
CUST_1765,Mid,599.58,16,0.05,0,2025-06
CUST_1766,SMB,116.23,7,0.0,0,2025-07
CUST_1767,Mid,339.19,35,0.09,0,2025-11
CUST_1768,Mid,421.05,27,0.03,0,2025-04
CUST_1769,Mid,417.54,26,0.0,0,2025-01
CUST_1770,Enterprise,1713.76,73,0.01,0,2025-04
CUST_1771,Enterprise,2421.2,47,0.2,0,2025-02
CUST_1772,SMB,133.51,6,0.0,0,2025-08
CUST_1773,Mid,373.04,34,0.02,0,2025-07
CUST_1774,SMB,74.93,17,0.0,0,2025-01
CUST_1775,Mid,579.77,16,0.0,0,2025-12
CUST_1776,Enterprise,2546.5,46,0.19,0,2025-01
CUST_1777,Mid,592.3,14,0.02,0,2025-11
CUST_1778,Mid,649.01,17,0.07,0,2025-04
CUST_1779,SMB,97.17,12,0.02,0,2025-12
CUST_1780,Enterprise,1797.95,53,0.05,0,2025-05
CUST_1781,SMB,106.82,10,0.04,0,2025-06
CUST_1782,SMB,59.37,19,0.0,1,2025-02
CUST_1783,Enterprise,1384.57,58,0.02,0,2025-07
CUST_1784,Enterprise,1435.96,60,0.18,0,2025-02
CUST_1785,Mid,355.19,29,0.0,0,2025-01
CUST_1786,Enterprise,1225.39,60,0.09,0,2025-04
CUST_1787,Mid,664.45,15,0.07,0,2025-10
CUST_1788,SMB,59.96,18,0.0,0,2025-03
CUST_1789,SMB,103.9,11,0.05,0,2025-07
CUST_1790,Mid,549.12,16,0.02,0,2025-05
CUST_1791,SMB,111.44,9,0.0,0,2025-03
CUST_1792,Mid,470.81,22,0.06,0,2025-07
CUST_1793,Mid,463.33,22,0.04,0,2025-03
CUST_1794,SMB,112.32,8,0.02,0,2025-03
CUST_1795,Mid,423.64,23,0.0,0,2025-05
CUST_1796,Enterprise,2562.16,40,0.04,0,2025-04
CUST_1797,SMB,109.29,8,0.0,0,2025-09
CUST_1798,Enterprise,1919.97,59,0.08,0,2025-05
CUST_1799,Enterprise,2098.56,54,0.11,0,2025-06
CUST_1800,Mid,550.15,18,0.04,0,2025-07
CUST_1801,Mid,474.79,17,0.04,0,2025-02
CUST_1802,SMB,96.07,11,0.02,0,2025-10
CUST_1803,SMB,133.28,6,0.0,0,2025-04
CUST_1804,Mid,471.72,19,0.0,0,2025-02
CUST_1805,Mid,436.7,23,0.04,0,2025-12
CUST_1806,Enterprise,1371.28,69,0.13,0,2025-03
CUST_1807,Mid,354.79,22,0.0,0,2025-02
CUST_1808,SMB,121.61,7,0.0,0,2025-09
CUST_1809,SMB,92.6,13,0.01,0,2025-05
CUST_1810,Mid,462.09,23,0.04,0,2025-03
CUST_1811,Enterprise,1993.25,49,0.04,0,2025-02
CUST_1812,SMB,84.73,13,0.0,0,2025-02
CUST_1813,Enterprise,2176.49,42,0.06,0,2025-07
CUST_1814,SMB,91.74,13,0.08,0,2025-10
CUST_1815,Enterprise,3384.19,32,0.09,0,2025-11
CUST_1816,SMB,129.87,6,0.02,0,2025-05
CUST_1817,Mid,560.91,21,0.03,0,2025-06
CUST_1818,Enterprise,1881.21,55,0.08,1,2025-02
CUST_1819,SMB,106.79,9,0.03,0,2025-01
CUST_1820,SMB,89.94,13,0.07,0,2025-06
CUST_1821,Enterprise,1599.98,60,0.1,0,2025-09
CUST_1822,Mid,522.11,18,0.01,0,2025-10
CUST_1823,SMB,73.89,17,0.0,0,2025-12
CUST_1824,Enterprise,2504.54,53,0.02,0,2025-01
CUST_1825,SMB,121.56,7,0.0,0,2025-04
CUST_1826,Mid,346.35,26,0.0,0,2025-04
CUST_1827,Mid,376.54,30,0.05,0,2025-07
CUST_1828,Enterprise,2528.62,44,0.08,0,2025-02
CUST_1829,SMB,123.55,6,0.0,0,2025-11
CUST_1830,SMB,102.97,10,0.03,0,2025-10
CUST_1831,SMB,109.98,9,0.0,0,2025-02
CUST_1832,Enterprise,1689.31,56,0.05,0,2025-01
CUST_1833,Enterprise,1778.41,49,0.09,0,2025-09
CUST_1834,Enterprise,3002.44,46,0.07,0,2025-10
CUST_1835,Enterprise,1785.94,66,0.17,0,2025-09
CUST_1836,Enterprise,2153.39,49,0.1,0,2025-04
CUST_1837,SMB,50.76,25,0.0,0,2025-09
CUST_1838,SMB,91.53,11,0.0,0,2025-04
CUST_1839,SMB,123.24,7,0.08,1,2025-09
CUST_1840,SMB,60.0,21,0.0,0,2025-12
CUST_1841,Enterprise,2536.32,44,0.16,0,2025-03
CUST_1842,Mid,506.07,23,0.04,0,2025-12
CUST_1843,Enterprise,2300.11,44,0.12,0,2025-05
CUST_1844,Enterprise,2150.98,49,0.13,0,2025-07
CUST_1845,SMB,93.04,13,0.08,0,2025-02
CUST_1846,Mid,457.62,22,0.01,0,2025-11
CUST_1847,SMB,92.21,12,0.07,0,2025-11
CUST_1848,SMB,81.85,14,0.0,0,2025-12
CUST_1849,SMB,109.42,8,0.0,0,2025-10
CUST_1850,Enterprise,2112.9,52,0.14,0,2025-05
CUST_1851,SMB,117.6,8,0.01,0,2025-08
CUST_1852,SMB,128.54,7,0.0,0,2025-09
CUST_1853,Mid,511.45,22,0.04,0,2025-09
CUST_1854,Mid,489.6,23,0.0,0,2025-07
CUST_1855,SMB,110.39,8,0.0,0,2025-06
CUST_1856,Enterprise,1916.78,60,0.16,0,2025-08
CUST_1857,Enterprise,2522.73,48,0.09,0,2025-06
CUST_1858,Enterprise,1979.7,51,0.12,0,2025-09
CUST_1859,SMB,92.88,11,0.02,0,2025-05
CUST_1860,Enterprise,1653.71,56,0.07,0,2025-11
CUST_1861,Mid,595.32,15,0.02,0,2025-05
CUST_1862,SMB,113.37,9,0.07,0,2025-03
CUST_1863,Enterprise,1750.7,61,0.06,0,2025-09
CUST_1864,Mid,366.85,22,0.0,0,2025-11
CUST_1865,Mid,684.8,16,0.1,0,2025-02
CUST_1866,Mid,572.72,18,0.06,0,2025-06
CUST_1867,SMB,97.89,10,0.03,0,2025-09
CUST_1868,Mid,524.8,19,0.05,0,2025-02
CUST_1869,SMB,97.95,11,0.0,0,2025-03
CUST_1870,SMB,82.94,15,0.02,0,2025-09
CUST_1871,SMB,83.38,15,0.0,0,2025-01
CUST_1872,SMB,86.76,13,0.03,0,2025-10
CUST_1873,SMB,111.7,8,0.03,0,2025-01
CUST_1874,Enterprise,2616.7,45,0.13,0,2025-05
CUST_1875,Mid,560.79,15,0.02,0,2025-01
CUST_1876,SMB,120.94,7,0.06,0,2025-01
CUST_1877,Mid,519.22,22,0.01,0,2025-03
CUST_1878,Mid,473.76,20,0.03,0,2025-05
CUST_1879,Enterprise,1667.02,64,0.05,0,2025-10
CUST_1880,SMB,102.07,12,0.04,0,2025-04
CUST_1881,Mid,540.77,15,0.08,0,2025-08
CUST_1882,SMB,115.97,9,0.06,0,2025-12
CUST_1883,SMB,92.9,13,0.12,0,2025-03
CUST_1884,Mid,444.93,24,0.11,0,2025-07
CUST_1885,Mid,250.0,36,0.07,0,2025-01
CUST_1886,Enterprise,2249.56,55,0.1,0,2025-11
CUST_1887,SMB,92.37,9,0.02,0,2025-07
CUST_1888,Mid,600.23,20,0.01,0,2025-10
CUST_1889,SMB,89.03,13,0.0,0,2025-08
CUST_1890,SMB,98.45,10,0.03,0,2025-09
CUST_1891,SMB,90.4,11,0.0,0,2025-01
CUST_1892,Mid,459.37,21,0.06,0,2025-08
CUST_1893,SMB,96.77,10,0.0,0,2025-07
CUST_1894,SMB,101.56,8,0.04,0,2025-07
CUST_1895,Enterprise,1974.02,51,0.11,0,2025-12
CUST_1896,SMB,104.54,9,0.02,0,2025-06
CUST_1897,Enterprise,1498.73,72,0.16,0,2025-11
CUST_1898,Enterprise,1670.25,59,0.04,0,2025-04
CUST_1899,SMB,119.75,7,0.0,1,2025-03
CUST_1900,Enterprise,2495.96,43,0.19,0,2025-10
CUST_1901,SMB,99.55,9,0.05,0,2025-08
CUST_1902,SMB,104.08,8,0.0,0,2025-12
CUST_1903,SMB,111.74,8,0.0,0,2025-10
CUST_1904,Enterprise,1595.52,64,0.08,0,2025-05
CUST_1905,SMB,98.7,9,0.02,0,2025-03
CUST_1906,SMB,107.72,9,0.01,0,2025-12
CUST_1907,SMB,118.14,9,0.03,0,2025-09
CUST_1908,SMB,84.21,13,0.0,1,2025-12
CUST_1909,SMB,118.46,7,0.02,0,2025-04
CUST_1910,SMB,76.7,16,0.07,0,2025-10
CUST_1911,Mid,617.91,16,0.0,0,2025-08
CUST_1912,Enterprise,1729.47,56,0.17,0,2025-05
CUST_1913,SMB,71.61,16,0.0,1,2025-03
CUST_1914,Mid,532.53,19,0.03,0,2025-02
CUST_1915,SMB,113.08,8,0.0,0,2025-10
CUST_1916,Enterprise,1969.96,50,0.12,0,2025-12
CUST_1917,Mid,512.5,20,0.0,0,2025-01
CUST_1918,SMB,83.24,13,0.0,0,2025-10
CUST_1919,SMB,116.45,8,0.02,0,2025-09
CUST_1920,Mid,404.39,27,0.06,0,2025-06
CUST_1921,Enterprise,3152.82,44,0.05,0,2025-02
CUST_1922,SMB,73.77,15,0.0,0,2025-12
CUST_1923,SMB,88.74,12,0.0,0,2025-01
CUST_1924,Mid,612.07,15,0.06,0,2025-05
CUST_1925,Mid,573.02,16,0.03,0,2025-01
CUST_1926,SMB,118.21,7,0.0,0,2025-05
CUST_1927,Mid,620.74,20,0.08,0,2025-07
CUST_1928,Mid,359.44,34,0.13,0,2025-02
CUST_1929,Mid,276.32,37,0.1,0,2025-02
CUST_1930,SMB,97.95,10,0.0,0,2025-03
CUST_1931,SMB,87.22,13,0.0,0,2025-04
CUST_1932,Mid,435.82,22,0.06,0,2025-09
CUST_1933,Mid,655.61,16,0.06,1,2025-05
CUST_1934,Mid,544.01,19,0.06,0,2025-06
CUST_1935,SMB,91.93,13,0.04,0,2025-05
CUST_1936,SMB,101.63,10,0.02,0,2025-03
CUST_1937,Enterprise,2204.02,44,0.09,0,2025-05
CUST_1938,Mid,425.32,23,0.04,0,2025-05
CUST_1939,SMB,123.63,8,0.01,0,2025-06
CUST_1940,SMB,131.07,6,0.01,0,2025-08
CUST_1941,SMB,88.86,12,0.08,0,2025-10
CUST_1942,Mid,506.68,25,0.1,0,2025-03
CUST_1943,Mid,580.51,16,0.0,0,2025-10
CUST_1944,SMB,116.27,10,0.03,0,2025-08
CUST_1945,SMB,65.62,20,0.05,0,2025-05
CUST_1946,SMB,89.58,10,0.0,0,2025-06
CUST_1947,SMB,83.36,13,0.0,0,2025-10
CUST_1948,Mid,535.72,18,0.0,0,2025-07
CUST_1949,Enterprise,1770.54,48,0.21,0,2025-09
CUST_1950,SMB,124.99,7,0.04,0,2025-04
CUST_1951,SMB,117.79,8,0.05,0,2025-05
CUST_1952,SMB,106.52,10,0.07,0,2025-04
CUST_1953,Mid,413.35,25,0.04,0,2025-05
CUST_1954,Mid,442.68,23,0.03,0,2025-04
CUST_1955,SMB,92.78,10,0.0,0,2025-09
CUST_1956,SMB,115.55,9,0.06,0,2025-01
CUST_1957,SMB,88.61,12,0.01,0,2025-12
CUST_1958,SMB,91.47,9,0.0,0,2025-03
CUST_1959,Enterprise,2005.02,50,0.14,0,2025-07
CUST_1960,Mid,354.3,34,0.02,0,2025-11
CUST_1961,Mid,432.15,22,0.03,0,2025-12
CUST_1962,Mid,511.04,18,0.03,0,2025-07
CUST_1963,Enterprise,1651.81,57,0.03,0,2025-12
CUST_1964,Mid,605.95,20,0.14,0,2025-04
CUST_1965,SMB,119.77,7,0.0,1,2025-02
CUST_1966,Mid,455.01,26,0.04,0,2025-12
CUST_1967,SMB,93.91,11,0.0,0,2025-01
CUST_1968,Mid,698.57,14,0.05,0,2025-12
CUST_1969,Mid,527.57,21,0.08,0,2025-11
CUST_1970,SMB,124.68,8,0.09,0,2025-02
CUST_1971,SMB,109.56,8,0.0,0,2025-06
CUST_1972,Mid,523.85,21,0.02,0,2025-08
CUST_1973,SMB,101.22,10,0.0,0,2025-04
CUST_1974,Enterprise,2247.1,49,0.15,0,2025-08
CUST_1975,SMB,81.54,11,0.05,0,2025-03
CUST_1976,Mid,646.92,16,0.04,0,2025-07
CUST_1977,Mid,617.18,15,0.07,0,2025-10
CUST_1978,Enterprise,1721.31,65,0.09,0,2025-05
CUST_1979,SMB,105.56,9,0.0,0,2025-06
CUST_1980,Enterprise,2167.1,45,0.12,0,2025-03
CUST_1981,Mid,423.22,20,0.0,0,2025-01
CUST_1982,Mid,434.05,25,0.02,0,2025-06
CUST_1983,SMB,112.62,9,0.07,0,2025-03
CUST_1984,SMB,83.02,9,0.02,0,2025-07
CUST_1985,SMB,115.23,8,0.0,0,2025-10
CUST_1986,SMB,90.84,10,0.0,0,2025-12
CUST_1987,Mid,567.35,17,0.0,0,2025-01
CUST_1988,Mid,556.31,17,0.0,0,2025-01
CUST_1989,Enterprise,1962.49,48,0.04,0,2025-07
CUST_1990,Enterprise,3565.75,38,0.0,0,2025-07
CUST_1991,Mid,350.68,30,0.04,0,2025-03
CUST_1992,SMB,97.96,11,0.0,0,2025-05
CUST_1993,Mid,624.24,17,0.1,0,2025-12
CUST_1994,Mid,587.95,18,0.09,0,2025-02
CUST_1995,SMB,114.74,7,0.03,0,2025-10
CUST_1996,SMB,158.28,4,0.01,1,2025-01
CUST_1997,Mid,372.72,28,0.05,0,2025-02
CUST_1998,Enterprise,2101.71,44,0.02,0,2025-07
CUST_1999,Enterprise,2272.04,50,0.09,0,2025-04
CUST_2000,Mid,636.61,15,0.0,0,2025-06
